id,genre,task,target,prompt,file_id
d8ad42dec39b430388f3655cfc570c25,Pop,tempo,71,Generate a Pop song at 71 BPM.,Pop_tempo_71_d8ad42dec39b430388f3655cfc570c25
1d21b9c3f24440e0ad3b1d7d0e3ebd4e,Pop,tempo,75,Generate a Pop song at 75 BPM.,Pop_tempo_75_1d21b9c3f24440e0ad3b1d7d0e3ebd4e
af767aab0ae8466e9457d388eac42e30,Pop,tempo,69,Generate a Pop song at 69 BPM.,Pop_tempo_69_af767aab0ae8466e9457d388eac42e30
43f33cfd1bc844a4824032f8312c5592,Pop,tempo,73,Generate a Pop song at 73 BPM.,Pop_tempo_73_43f33cfd1bc844a4824032f8312c5592
e96bfa84bac84f31962b26f5de41c890,Pop,tempo,107,Generate a Pop song at 107 BPM.,Pop_tempo_107_e96bfa84bac84f31962b26f5de41c890
438f4d065759423ab794eedab65f3b95,Pop,tempo,114,Generate a Pop song at 114 BPM.,Pop_tempo_114_438f4d065759423ab794eedab65f3b95
80d685f3b5a24783b91ac231d61a3b4a,Pop,tempo,100,Generate a Pop song at 100 BPM.,Pop_tempo_100_80d685f3b5a24783b91ac231d61a3b4a
9cea87b2c93c4c65bb3b60fdb51460eb,Pop,tempo,113,Generate a Pop song at 113 BPM.,Pop_tempo_113_9cea87b2c93c4c65bb3b60fdb51460eb
bbf4a1af4e694742a22582abb8bd4f12,Pop,tempo,156,Generate a Pop song at 156 BPM.,Pop_tempo_156_bbf4a1af4e694742a22582abb8bd4f12
1e306b671b90457d97efe4c344cb8975,Pop,tempo,155,Generate a Pop song at 155 BPM.,Pop_tempo_155_1e306b671b90457d97efe4c344cb8975
09527d85033f4c8ebea5147f9c72371d,Pop,tempo,180,Generate a Pop song at 180 BPM.,Pop_tempo_180_09527d85033f4c8ebea5147f9c72371d
f8ec3164a348465599a8de0464c95f9f,Pop,tempo,154,Generate a Pop song at 154 BPM.,Pop_tempo_154_f8ec3164a348465599a8de0464c95f9f
3017155e577145efb26381a69c9e4e81,Pop,key,C Major,Generate a Pop song in C Major.,Pop_key_C-Major_3017155e577145efb26381a69c9e4e81
35a8beb23d8d403fad7f59476ecf4c0d,Pop,key,C Minor,Generate a Pop song in C Minor.,Pop_key_C-Minor_35a8beb23d8d403fad7f59476ecf4c0d
c8d803ea8fcd4977b6370fbe1d7239cb,Pop,key,D Major,Generate a Pop song in D Major.,Pop_key_D-Major_c8d803ea8fcd4977b6370fbe1d7239cb
62fba9a37a454e8b91eda1f3a0c2020e,Pop,key,D Minor,Generate a Pop song in D Minor.,Pop_key_D-Minor_62fba9a37a454e8b91eda1f3a0c2020e
6bcab4bffe2a4b359fe9c10fc009bf23,Pop,key,F Major,Generate a Pop song in F Major.,Pop_key_F-Major_6bcab4bffe2a4b359fe9c10fc009bf23
0ee3677097c3461daf10a89e73b575af,Pop,key,F Minor,Generate a Pop song in F Minor.,Pop_key_F-Minor_0ee3677097c3461daf10a89e73b575af
52c4d3a0f83b495ea4e8762052abd305,Pop,key,B Major,Generate a Pop song in B Major.,Pop_key_B-Major_52c4d3a0f83b495ea4e8762052abd305
6b27cebb09fa44c5a7a6acc25ec25a81,Pop,key,B Minor,Generate a Pop song in B Minor.,Pop_key_B-Minor_6b27cebb09fa44c5a7a6acc25ec25a81
cc88e2a7b72f40109461553cd044b5ab,Pop,key,C# Major,Generate a Pop song in C# Major.,Pop_key_C#-Major_cc88e2a7b72f40109461553cd044b5ab
b4a7438edbfd4d14b8598b101fb429ed,Pop,key,C# Minor,Generate a Pop song in C# Minor.,Pop_key_C#-Minor_b4a7438edbfd4d14b8598b101fb429ed
6010118594164ab68f89c2cfa27a02f8,Pop,key,F# Major,Generate a Pop song in F# Major.,Pop_key_F#-Major_6010118594164ab68f89c2cfa27a02f8
c607a5bc438f482b8f6b36314cf22749,Pop,key,F# Minor,Generate a Pop song in F# Minor.,Pop_key_F#-Minor_c607a5bc438f482b8f6b36314cf22749
782fbfea09bd4a29a5811ebd6edd1e67,Pop,key modulation,to the fifth degree,Generate a Pop song in B Major that modulates to the fifth degree.,Pop_key-modulation_to-the-fifth-degree_782fbfea09bd4a29a5811ebd6edd1e67
19e5b00e71e54c91b3ca6f3b9180f254,Pop,key modulation,to the fifth degree,Generate a Pop song in C Minor that modulates to the fifth degree.,Pop_key-modulation_to-the-fifth-degree_19e5b00e71e54c91b3ca6f3b9180f254
cd977f484f0843358f4e945e444ac25e,Pop,key modulation,to the relative Minor,Generate a Pop song in B Major that modulates to the relative Minor.,Pop_key-modulation_to-the-relative-Minor_cd977f484f0843358f4e945e444ac25e
d198258a1d454c95a4418140f65db4f2,Pop,key modulation,to the relative Minor,Generate a Pop song in F Major that modulates to the relative Minor.,Pop_key-modulation_to-the-relative-Minor_d198258a1d454c95a4418140f65db4f2
95a40b4069fe4cdca0abe58c3491a824,Pop,key modulation,to the relative Major,Generate a Pop song in C Minor that modulates to the relative Major.,Pop_key-modulation_to-the-relative-Major_95a40b4069fe4cdca0abe58c3491a824
8783b4c03bec412388da587a1653492b,Pop,key modulation,to the relative Major,Generate a Pop song in F# Minor that modulates to the relative Major.,Pop_key-modulation_to-the-relative-Major_8783b4c03bec412388da587a1653492b
dae3ff36a51141b0ab94fd435b8655f5,Pop,key modulation,to the parallel Minor,Generate a Pop song in C# Major that modulates to the parallel Minor.,Pop_key-modulation_to-the-parallel-Minor_dae3ff36a51141b0ab94fd435b8655f5
03bab853321d4010ab6c0de570eb1181,Pop,key modulation,to the parallel Minor,Generate a Pop song in F# Major that modulates to the parallel Minor.,Pop_key-modulation_to-the-parallel-Minor_03bab853321d4010ab6c0de570eb1181
029142eeb3a846c488e44c6fbcb5fb65,Pop,key modulation,to the parallel Major,Generate a Pop song in C Minor that modulates to the parallel Major.,Pop_key-modulation_to-the-parallel-Major_029142eeb3a846c488e44c6fbcb5fb65
fb9006b2b1c54994b9363e88f3c60c54,Pop,key modulation,to the parallel Major,Generate a Pop song in F# Minor that modulates to the parallel Major.,Pop_key-modulation_to-the-parallel-Major_fb9006b2b1c54994b9363e88f3c60c54
a90bdff6a2ef4ff8bf165413e04e74f0,Pop,tempo change,0.25 (78 to 97),Generate a Pop song at 78 BPM that increases to 97.,Pop_tempo-change_0.25-(78-to-97)_a90bdff6a2ef4ff8bf165413e04e74f0
65a90e21ec484dfea7d492d53e2c8ab9,Pop,tempo change,0.25 (101 to 126),Generate a Pop song at 101 BPM that increases to 126.,Pop_tempo-change_0.25-(101-to-126)_65a90e21ec484dfea7d492d53e2c8ab9
495bef689b63462e97e608c73cd904d3,Pop,tempo change,0.25 (158 to 197),Generate a Pop song at 158 BPM that increases to 197.,Pop_tempo-change_0.25-(158-to-197)_495bef689b63462e97e608c73cd904d3
eaea2f807be74f97a99b12f82aa2295d,Pop,tempo change,-0.25 (62 to 46),Generate a Pop song at 62 BPM that decreases to 46.,Pop_tempo-change_-0.25-(62-to-46)_eaea2f807be74f97a99b12f82aa2295d
e1d126bdffbd4c6c8a51dd1387342dc9,Pop,tempo change,-0.25 (126 to 94),Generate a Pop song at 126 BPM that decreases to 94.,Pop_tempo-change_-0.25-(126-to-94)_e1d126bdffbd4c6c8a51dd1387342dc9
0560ae91c5594b219a82c2dc44e3861d,Pop,tempo change,-0.25 (140 to 105),Generate a Pop song at 140 BPM that decreases to 105.,Pop_tempo-change_-0.25-(140-to-105)_0560ae91c5594b219a82c2dc44e3861d
c2562a4f2cd847f9a38e91870e1fe215,Pop,tempo change,0.5 (76 to 114),Generate a Pop song at 76 BPM that increases to 114.,Pop_tempo-change_0.5-(76-to-114)_c2562a4f2cd847f9a38e91870e1fe215
4e9982c4ab3d4c82a0ad19be7d4b65dc,Pop,tempo change,0.5 (111 to 166),Generate a Pop song at 111 BPM that increases to 166.,Pop_tempo-change_0.5-(111-to-166)_4e9982c4ab3d4c82a0ad19be7d4b65dc
0c557f2d45af4c99a86d364db57c4f6d,Pop,tempo change,0.5 (155 to 232),Generate a Pop song at 155 BPM that increases to 232.,Pop_tempo-change_0.5-(155-to-232)_0c557f2d45af4c99a86d364db57c4f6d
5a97f82df4e4491dacde88780d7a87e7,Pop,tempo change,-0.5 (75 to 37),Generate a Pop song at 75 BPM that decreases to 37.,Pop_tempo-change_-0.5-(75-to-37)_5a97f82df4e4491dacde88780d7a87e7
b6afa49756cd48bab0c1762a6fbb7503,Pop,tempo change,-0.5 (104 to 52),Generate a Pop song at 104 BPM that decreases to 52.,Pop_tempo-change_-0.5-(104-to-52)_b6afa49756cd48bab0c1762a6fbb7503
c692f9aeef2841fb8407dcfe1405beb4,Pop,tempo change,-0.5 (159 to 79),Generate a Pop song at 159 BPM that decreases to 79.,Pop_tempo-change_-0.5-(159-to-79)_c692f9aeef2841fb8407dcfe1405beb4
ebe50bcfedcc4b7e8fa7b458370b87ec,Pop,time signature,04-Apr,Generate a Pop song with a 4/4 time signature at 69 BPM.,Pop_time-signature_4/4_ebe50bcfedcc4b7e8fa7b458370b87ec
de164616a15d4c97a037c48daeaaa2e6,Pop,time signature,04-Apr,Generate a Pop song with a 4/4 time signature at 110 BPM.,Pop_time-signature_4/4_de164616a15d4c97a037c48daeaaa2e6
a1daf8e1978d4715a5ca485c57fa9670,Pop,time signature,04-Apr,Generate a Pop song with a 4/4 time signature at 169 BPM.,Pop_time-signature_4/4_a1daf8e1978d4715a5ca485c57fa9670
90f2984fbc794da680dfa9bf6eea4768,Pop,time signature,03-Apr,Generate a Pop song with a 3/4 time signature at 74 BPM.,Pop_time-signature_3/4_90f2984fbc794da680dfa9bf6eea4768
72bea0e17ea845a79928a83b3338dd33,Pop,time signature,03-Apr,Generate a Pop song with a 3/4 time signature at 102 BPM.,Pop_time-signature_3/4_72bea0e17ea845a79928a83b3338dd33
88b709f5865c4bcea3282a44055cef29,Pop,time signature,03-Apr,Generate a Pop song with a 3/4 time signature at 150 BPM.,Pop_time-signature_3/4_88b709f5865c4bcea3282a44055cef29
51def828b79b4a4bb3958e0b2f5c9173,Pop,time signature,05-Apr,Generate a Pop song with a 5/4 time signature at 82 BPM.,Pop_time-signature_5/4_51def828b79b4a4bb3958e0b2f5c9173
890a5c2f4bff4209b8b1ca8f408c2a3d,Pop,time signature,05-Apr,Generate a Pop song with a 5/4 time signature at 115 BPM.,Pop_time-signature_5/4_890a5c2f4bff4209b8b1ca8f408c2a3d
60676c9403e24f8584a31772815dd351,Pop,time signature,05-Apr,Generate a Pop song with a 5/4 time signature at 140 BPM.,Pop_time-signature_5/4_60676c9403e24f8584a31772815dd351
d094ef4fd1d54d3ca02229cd534ca0c5,Rock,tempo,74,Generate a Rock song at 74 BPM.,Rock_tempo_74_d094ef4fd1d54d3ca02229cd534ca0c5
02d2b373dd6d440d8cffe2bb3d4a135c,Rock,tempo,86,Generate a Rock song at 86 BPM.,Rock_tempo_86_02d2b373dd6d440d8cffe2bb3d4a135c
8308b894e85b4c8888cc310d679b8253,Rock,tempo,87,Generate a Rock song at 87 BPM.,Rock_tempo_87_8308b894e85b4c8888cc310d679b8253
d08694c7e8644b45906283e86471069a,Rock,tempo,75,Generate a Rock song at 75 BPM.,Rock_tempo_75_d08694c7e8644b45906283e86471069a
fe0bb4119df04efdbd7bedd30f25eae9,Rock,tempo,100,Generate a Rock song at 100 BPM.,Rock_tempo_100_fe0bb4119df04efdbd7bedd30f25eae9
32df362e8e1e42d5925cc8c1ce6b42bd,Rock,tempo,129,Generate a Rock song at 129 BPM.,Rock_tempo_129_32df362e8e1e42d5925cc8c1ce6b42bd
a28c04cb43d74b699e3d76211dc99b00,Rock,tempo,126,Generate a Rock song at 126 BPM.,Rock_tempo_126_a28c04cb43d74b699e3d76211dc99b00
2a466974c722446da8e51a5459e721e7,Rock,tempo,115,Generate a Rock song at 115 BPM.,Rock_tempo_115_2a466974c722446da8e51a5459e721e7
a24c4d7fb05545158d3f6bc4dd09404d,Rock,tempo,147,Generate a Rock song at 147 BPM.,Rock_tempo_147_a24c4d7fb05545158d3f6bc4dd09404d
3e70524132154dc9b7701a14bc7bb529,Rock,tempo,169,Generate a Rock song at 169 BPM.,Rock_tempo_169_3e70524132154dc9b7701a14bc7bb529
6292df53cfbb488ba5772770c1158898,Rock,tempo,179,Generate a Rock song at 179 BPM.,Rock_tempo_179_6292df53cfbb488ba5772770c1158898
3dcd8aa2a1aa48c5a3ef49c51ecd80e7,Rock,tempo,145,Generate a Rock song at 145 BPM.,Rock_tempo_145_3dcd8aa2a1aa48c5a3ef49c51ecd80e7
dcdd4ce81f234f3d9dbf742de79d7f2b,Rock,key,C Major,Generate a Rock song in C Major.,Rock_key_C-Major_dcdd4ce81f234f3d9dbf742de79d7f2b
36c517a050d24d7097c20cdf9c4accf1,Rock,key,C Minor,Generate a Rock song in C Minor.,Rock_key_C-Minor_36c517a050d24d7097c20cdf9c4accf1
b02c5755cbfe426c89f0d00118541bc8,Rock,key,D Major,Generate a Rock song in D Major.,Rock_key_D-Major_b02c5755cbfe426c89f0d00118541bc8
5d6e247cf2ed4c9b833934839c7905ef,Rock,key,D Minor,Generate a Rock song in D Minor.,Rock_key_D-Minor_5d6e247cf2ed4c9b833934839c7905ef
3b4ec034181c492b95fcad84ff75d0ba,Rock,key,F Major,Generate a Rock song in F Major.,Rock_key_F-Major_3b4ec034181c492b95fcad84ff75d0ba
66360d860de94b82afc224054a3806df,Rock,key,F Minor,Generate a Rock song in F Minor.,Rock_key_F-Minor_66360d860de94b82afc224054a3806df
141b5430c5ca40bd9e686343d6d2f8f1,Rock,key,B Major,Generate a Rock song in B Major.,Rock_key_B-Major_141b5430c5ca40bd9e686343d6d2f8f1
c42cf5607f704f92bc89b13bab265cd3,Rock,key,B Minor,Generate a Rock song in B Minor.,Rock_key_B-Minor_c42cf5607f704f92bc89b13bab265cd3
a617d6b2c6914517af7babd9580206b8,Rock,key,C# Major,Generate a Rock song in C# Major.,Rock_key_C#-Major_a617d6b2c6914517af7babd9580206b8
a83e853dffb34e3bb34c4af02be23dfa,Rock,key,C# Minor,Generate a Rock song in C# Minor.,Rock_key_C#-Minor_a83e853dffb34e3bb34c4af02be23dfa
3bd14ba4c97d4c548b2addcb1e4bcfe2,Rock,key,F# Major,Generate a Rock song in F# Major.,Rock_key_F#-Major_3bd14ba4c97d4c548b2addcb1e4bcfe2
ab3cb8a378e040f5a97846402d44ca3b,Rock,key,F# Minor,Generate a Rock song in F# Minor.,Rock_key_F#-Minor_ab3cb8a378e040f5a97846402d44ca3b
54ea94d0a7ef42b3a6202b4b15891e45,Rock,key modulation,to the fifth degree,Generate a Rock song in B Major that modulates to the fifth degree.,Rock_key-modulation_to-the-fifth-degree_54ea94d0a7ef42b3a6202b4b15891e45
2b49c6213b404f2fb15c7a8395ed16bb,Rock,key modulation,to the fifth degree,Generate a Rock song in C Minor that modulates to the fifth degree.,Rock_key-modulation_to-the-fifth-degree_2b49c6213b404f2fb15c7a8395ed16bb
a3bd2ae38d9440bf9aad9f5eeb15b4b9,Rock,key modulation,to the relative Minor,Generate a Rock song in D Major that modulates to the relative Minor.,Rock_key-modulation_to-the-relative-Minor_a3bd2ae38d9440bf9aad9f5eeb15b4b9
aeffcaafec5c4efc9822bc5842f83c3d,Rock,key modulation,to the relative Minor,Generate a Rock song in C Major that modulates to the relative Minor.,Rock_key-modulation_to-the-relative-Minor_aeffcaafec5c4efc9822bc5842f83c3d
40626dbed76047ea8800a8462aca5cf7,Rock,key modulation,to the relative Major,Generate a Rock song in F# Minor that modulates to the relative Major.,Rock_key-modulation_to-the-relative-Major_40626dbed76047ea8800a8462aca5cf7
7e314301e6c7417791560581e722e25a,Rock,key modulation,to the relative Major,Generate a Rock song in B Minor that modulates to the relative Major.,Rock_key-modulation_to-the-relative-Major_7e314301e6c7417791560581e722e25a
4a83bd0af5f640fe988722a7b862d0cc,Rock,key modulation,to the parallel Minor,Generate a Rock song in F Major that modulates to the parallel Minor.,Rock_key-modulation_to-the-parallel-Minor_4a83bd0af5f640fe988722a7b862d0cc
693e4c529f224740a2debaca0dee6c89,Rock,key modulation,to the parallel Minor,Generate a Rock song in B Major that modulates to the parallel Minor.,Rock_key-modulation_to-the-parallel-Minor_693e4c529f224740a2debaca0dee6c89
2cf26c19fa824a64a3b4b3692751f914,Rock,key modulation,to the parallel Major,Generate a Rock song in D Minor that modulates to the parallel Major.,Rock_key-modulation_to-the-parallel-Major_2cf26c19fa824a64a3b4b3692751f914
c0f0a7df7d8f43509b27500473628051,Rock,key modulation,to the parallel Major,Generate a Rock song in B Minor that modulates to the parallel Major.,Rock_key-modulation_to-the-parallel-Major_c0f0a7df7d8f43509b27500473628051
cced96265de44a9c93d2e607ca2e7d48,Rock,tempo change,0.25 (90 to 112),Generate a Rock song at 90 BPM that increases to 112.,Rock_tempo-change_0.25-(90-to-112)_cced96265de44a9c93d2e607ca2e7d48
1c5e4ef7c7ea442480a2617aad3e36dc,Rock,tempo change,0.25 (127 to 158),Generate a Rock song at 127 BPM that increases to 158.,Rock_tempo-change_0.25-(127-to-158)_1c5e4ef7c7ea442480a2617aad3e36dc
442ad237f3644162801e01a24a186ac0,Rock,tempo change,0.25 (165 to 206),Generate a Rock song at 165 BPM that increases to 206.,Rock_tempo-change_0.25-(165-to-206)_442ad237f3644162801e01a24a186ac0
4bcae8674a0b49b38955d8aaad67d9dc,Rock,tempo change,-0.25 (64 to 48),Generate a Rock song at 64 BPM that decreases to 48.,Rock_tempo-change_-0.25-(64-to-48)_4bcae8674a0b49b38955d8aaad67d9dc
2682a3feef9642ed9745754c5f8ed1cf,Rock,tempo change,-0.25 (128 to 96),Generate a Rock song at 128 BPM that decreases to 96.,Rock_tempo-change_-0.25-(128-to-96)_2682a3feef9642ed9745754c5f8ed1cf
11a583e4e0664ff398ab31f8e430e645,Rock,tempo change,-0.25 (180 to 135),Generate a Rock song at 180 BPM that decreases to 135.,Rock_tempo-change_-0.25-(180-to-135)_11a583e4e0664ff398ab31f8e430e645
5cdeb18e60374f74aa64758ef4337638,Rock,tempo change,0.5 (82 to 123),Generate a Rock song at 82 BPM that increases to 123.,Rock_tempo-change_0.5-(82-to-123)_5cdeb18e60374f74aa64758ef4337638
c1e934e397a649c3b78314816d13ae5c,Rock,tempo change,0.5 (108 to 162),Generate a Rock song at 108 BPM that increases to 162.,Rock_tempo-change_0.5-(108-to-162)_c1e934e397a649c3b78314816d13ae5c
e0eaf78222924e439614abab9a67e577,Rock,tempo change,0.5 (155 to 232),Generate a Rock song at 155 BPM that increases to 232.,Rock_tempo-change_0.5-(155-to-232)_e0eaf78222924e439614abab9a67e577
96726159cb634ba8af9adfa3d1e0cafe,Rock,tempo change,-0.5 (65 to 32),Generate a Rock song at 65 BPM that decreases to 32.,Rock_tempo-change_-0.5-(65-to-32)_96726159cb634ba8af9adfa3d1e0cafe
4e035ff4cbef4a8f86959ae417016ac1,Rock,tempo change,-0.5 (118 to 59),Generate a Rock song at 118 BPM that decreases to 59.,Rock_tempo-change_-0.5-(118-to-59)_4e035ff4cbef4a8f86959ae417016ac1
8841a50a0a814f009f62afe560bdfb31,Rock,tempo change,-0.5 (140 to 70),Generate a Rock song at 140 BPM that decreases to 70.,Rock_tempo-change_-0.5-(140-to-70)_8841a50a0a814f009f62afe560bdfb31
6dd44260eb03420a8068a6653d006db8,Rock,time signature,04-Apr,Generate a Rock song with a 4/4 time signature at 67 BPM.,Rock_time-signature_4/4_6dd44260eb03420a8068a6653d006db8
7661b68651314e6fa805a50b6f218f4c,Rock,time signature,04-Apr,Generate a Rock song with a 4/4 time signature at 116 BPM.,Rock_time-signature_4/4_7661b68651314e6fa805a50b6f218f4c
0dae0104e8bb4ef8ba4db385dd2cf868,Rock,time signature,04-Apr,Generate a Rock song with a 4/4 time signature at 155 BPM.,Rock_time-signature_4/4_0dae0104e8bb4ef8ba4db385dd2cf868
3f9ca625a131473f9155d348b29b8da6,Rock,time signature,03-Apr,Generate a Rock song with a 3/4 time signature at 89 BPM.,Rock_time-signature_3/4_3f9ca625a131473f9155d348b29b8da6
f65ee510fde144e691489e871c7364e9,Rock,time signature,03-Apr,Generate a Rock song with a 3/4 time signature at 103 BPM.,Rock_time-signature_3/4_f65ee510fde144e691489e871c7364e9
50e385e45274486c98f41d5ad549e1be,Rock,time signature,03-Apr,Generate a Rock song with a 3/4 time signature at 146 BPM.,Rock_time-signature_3/4_50e385e45274486c98f41d5ad549e1be
773903520fc24fc49530a2408c73e6eb,Rock,time signature,05-Apr,Generate a Rock song with a 5/4 time signature at 80 BPM.,Rock_time-signature_5/4_773903520fc24fc49530a2408c73e6eb
125893f8008443ac91e9c754fb85f9a3,Rock,time signature,05-Apr,Generate a Rock song with a 5/4 time signature at 104 BPM.,Rock_time-signature_5/4_125893f8008443ac91e9c754fb85f9a3
93e7fd2009f342b4a39bfb988f596294,Rock,time signature,05-Apr,Generate a Rock song with a 5/4 time signature at 157 BPM.,Rock_time-signature_5/4_93e7fd2009f342b4a39bfb988f596294
a37bce231a5a4e79bc4798226f1fc590,Jazz,tempo,72,Generate a Jazz song at 72 BPM.,Jazz_tempo_72_a37bce231a5a4e79bc4798226f1fc590
5a1b6cefc012483ab409633ef6d3335b,Jazz,tempo,73,Generate a Jazz song at 73 BPM.,Jazz_tempo_73_5a1b6cefc012483ab409633ef6d3335b
9dbdd196fa414fc5a9d17bb8d8a8fca1,Jazz,tempo,61,Generate a Jazz song at 61 BPM.,Jazz_tempo_61_9dbdd196fa414fc5a9d17bb8d8a8fca1
8dd6148a889745dc94df4fcfed469aa9,Jazz,tempo,74,Generate a Jazz song at 74 BPM.,Jazz_tempo_74_8dd6148a889745dc94df4fcfed469aa9
84d497bd35394fb4a1663ac347d8c92e,Jazz,tempo,128,Generate a Jazz song at 128 BPM.,Jazz_tempo_128_84d497bd35394fb4a1663ac347d8c92e
7cb58655047f458d8417b947f9f97b0f,Jazz,tempo,123,Generate a Jazz song at 123 BPM.,Jazz_tempo_123_7cb58655047f458d8417b947f9f97b0f
8ca9ad2909ea4cee9020cbbd66038833,Jazz,tempo,114,Generate a Jazz song at 114 BPM.,Jazz_tempo_114_8ca9ad2909ea4cee9020cbbd66038833
dfe07f5ad88f4ef3a980ddeec4f2697f,Jazz,tempo,108,Generate a Jazz song at 108 BPM.,Jazz_tempo_108_dfe07f5ad88f4ef3a980ddeec4f2697f
ef67af30540a463e93cabf3b42c6c6c9,Jazz,tempo,142,Generate a Jazz song at 142 BPM.,Jazz_tempo_142_ef67af30540a463e93cabf3b42c6c6c9
7ae7bd64f359416d97e288c9cdc3b89e,Jazz,tempo,143,Generate a Jazz song at 143 BPM.,Jazz_tempo_143_7ae7bd64f359416d97e288c9cdc3b89e
93611215ce9c498c9a8b7446488d4704,Jazz,tempo,141,Generate a Jazz song at 141 BPM.,Jazz_tempo_141_93611215ce9c498c9a8b7446488d4704
4b4f6d9d83af4304b91bea4886b17d55,Jazz,tempo,152,Generate a Jazz song at 152 BPM.,Jazz_tempo_152_4b4f6d9d83af4304b91bea4886b17d55
1fd8c704e6af42d7939cb42c19d9356b,Jazz,key,C Major,Generate a Jazz song in C Major.,Jazz_key_C-Major_1fd8c704e6af42d7939cb42c19d9356b
68a541a4568c4a27a1927299f7f20283,Jazz,key,C Minor,Generate a Jazz song in C Minor.,Jazz_key_C-Minor_68a541a4568c4a27a1927299f7f20283
b749e481dd514d6db74d978a583fa5e7,Jazz,key,D Major,Generate a Jazz song in D Major.,Jazz_key_D-Major_b749e481dd514d6db74d978a583fa5e7
dcd89649fb5641a0a9b017b604afd7c6,Jazz,key,D Minor,Generate a Jazz song in D Minor.,Jazz_key_D-Minor_dcd89649fb5641a0a9b017b604afd7c6
b5586bce2c3440c8bdf994bb68c0f72e,Jazz,key,F Major,Generate a Jazz song in F Major.,Jazz_key_F-Major_b5586bce2c3440c8bdf994bb68c0f72e
6319a357505f475da7a9ca5ef4605ae5,Jazz,key,F Minor,Generate a Jazz song in F Minor.,Jazz_key_F-Minor_6319a357505f475da7a9ca5ef4605ae5
2d6fcd4791ef48d2971dd2172aa4919a,Jazz,key,B Major,Generate a Jazz song in B Major.,Jazz_key_B-Major_2d6fcd4791ef48d2971dd2172aa4919a
3f1011a52b9d487d9b00b31dfe2919e2,Jazz,key,B Minor,Generate a Jazz song in B Minor.,Jazz_key_B-Minor_3f1011a52b9d487d9b00b31dfe2919e2
58a60ccef7d94dddb329a19914cc94cb,Jazz,key,C# Major,Generate a Jazz song in C# Major.,Jazz_key_C#-Major_58a60ccef7d94dddb329a19914cc94cb
9a747bf3859440888f0fe6638791bed2,Jazz,key,C# Minor,Generate a Jazz song in C# Minor.,Jazz_key_C#-Minor_9a747bf3859440888f0fe6638791bed2
021afe73ede34f3da1fcb289bbf4c79c,Jazz,key,F# Major,Generate a Jazz song in F# Major.,Jazz_key_F#-Major_021afe73ede34f3da1fcb289bbf4c79c
9435242532d34ea2acb6108854855f6a,Jazz,key,F# Minor,Generate a Jazz song in F# Minor.,Jazz_key_F#-Minor_9435242532d34ea2acb6108854855f6a
adee4e3c12d54cc7957a488012644da5,Jazz,key modulation,to the fifth degree,Generate a Jazz song in F Minor that modulates to the fifth degree.,Jazz_key-modulation_to-the-fifth-degree_adee4e3c12d54cc7957a488012644da5
6ac62878233b4cd09f832dd46646b1bd,Jazz,key modulation,to the fifth degree,Generate a Jazz song in C# Minor that modulates to the fifth degree.,Jazz_key-modulation_to-the-fifth-degree_6ac62878233b4cd09f832dd46646b1bd
24fec1e856ec41d39a0e40911838bb38,Jazz,key modulation,to the relative Minor,Generate a Jazz song in F# Major that modulates to the relative Minor.,Jazz_key-modulation_to-the-relative-Minor_24fec1e856ec41d39a0e40911838bb38
adec01bd4e214681a62466ae0451654b,Jazz,key modulation,to the relative Minor,Generate a Jazz song in C# Major that modulates to the relative Minor.,Jazz_key-modulation_to-the-relative-Minor_adec01bd4e214681a62466ae0451654b
f1174aa45b6c49dfb1be17a8d3f75cf3,Jazz,key modulation,to the relative Major,Generate a Jazz song in F Minor that modulates to the relative Major.,Jazz_key-modulation_to-the-relative-Major_f1174aa45b6c49dfb1be17a8d3f75cf3
18473fbfe18241c291b098c523f46f24,Jazz,key modulation,to the relative Major,Generate a Jazz song in F# Minor that modulates to the relative Major.,Jazz_key-modulation_to-the-relative-Major_18473fbfe18241c291b098c523f46f24
4d5f0faf32b44384883aed4e409ca0b3,Jazz,key modulation,to the parallel Minor,Generate a Jazz song in F Major that modulates to the parallel Minor.,Jazz_key-modulation_to-the-parallel-Minor_4d5f0faf32b44384883aed4e409ca0b3
9c6d7549af98402087dec811bbcf3608,Jazz,key modulation,to the parallel Minor,Generate a Jazz song in C Major that modulates to the parallel Minor.,Jazz_key-modulation_to-the-parallel-Minor_9c6d7549af98402087dec811bbcf3608
2e15e52cbf06421991a5b7e361ab7f10,Jazz,key modulation,to the parallel Major,Generate a Jazz song in F# Minor that modulates to the parallel Major.,Jazz_key-modulation_to-the-parallel-Major_2e15e52cbf06421991a5b7e361ab7f10
01847a9e3ccb4a4db1a0c50f70a799cf,Jazz,key modulation,to the parallel Major,Generate a Jazz song in C Minor that modulates to the parallel Major.,Jazz_key-modulation_to-the-parallel-Major_01847a9e3ccb4a4db1a0c50f70a799cf
0f0e6045f4c44eb18ee9018e788fd0a5,Jazz,tempo change,0.25 (81 to 101),Generate a Jazz song at 81 BPM that increases to 101.,Jazz_tempo-change_0.25-(81-to-101)_0f0e6045f4c44eb18ee9018e788fd0a5
19d7fef878494a4883ce8dd5c6767681,Jazz,tempo change,0.25 (113 to 141),Generate a Jazz song at 113 BPM that increases to 141.,Jazz_tempo-change_0.25-(113-to-141)_19d7fef878494a4883ce8dd5c6767681
18a413f9ba4e4e798951a4db935c90de,Jazz,tempo change,0.25 (141 to 176),Generate a Jazz song at 141 BPM that increases to 176.,Jazz_tempo-change_0.25-(141-to-176)_18a413f9ba4e4e798951a4db935c90de
354007c93ee0493b9c437be2729683d3,Jazz,tempo change,-0.25 (75 to 56),Generate a Jazz song at 75 BPM that decreases to 56.,Jazz_tempo-change_-0.25-(75-to-56)_354007c93ee0493b9c437be2729683d3
46eed6fe27124ac6aee00cb4404070f8,Jazz,tempo change,-0.25 (109 to 81),Generate a Jazz song at 109 BPM that decreases to 81.,Jazz_tempo-change_-0.25-(109-to-81)_46eed6fe27124ac6aee00cb4404070f8
8047c78ff7984b83bba814d4b96fca2d,Jazz,tempo change,-0.25 (176 to 132),Generate a Jazz song at 176 BPM that decreases to 132.,Jazz_tempo-change_-0.25-(176-to-132)_8047c78ff7984b83bba814d4b96fca2d
a553620e5ddf41adaabf33f53d9621f5,Jazz,tempo change,0.5 (69 to 103),Generate a Jazz song at 69 BPM that increases to 103.,Jazz_tempo-change_0.5-(69-to-103)_a553620e5ddf41adaabf33f53d9621f5
f1c3f82441544bfa82d710e4c77cc63e,Jazz,tempo change,0.5 (103 to 154),Generate a Jazz song at 103 BPM that increases to 154.,Jazz_tempo-change_0.5-(103-to-154)_f1c3f82441544bfa82d710e4c77cc63e
6176947f57354ae38b32df11e784e264,Jazz,tempo change,0.5 (144 to 216),Generate a Jazz song at 144 BPM that increases to 216.,Jazz_tempo-change_0.5-(144-to-216)_6176947f57354ae38b32df11e784e264
a6c912add6cb4a11a8cbb08dc1d6b6b2,Jazz,tempo change,-0.5 (84 to 42),Generate a Jazz song at 84 BPM that decreases to 42.,Jazz_tempo-change_-0.5-(84-to-42)_a6c912add6cb4a11a8cbb08dc1d6b6b2
c1a3321fbc7049baac6f0fa6d4bab1c1,Jazz,tempo change,-0.5 (125 to 62),Generate a Jazz song at 125 BPM that decreases to 62.,Jazz_tempo-change_-0.5-(125-to-62)_c1a3321fbc7049baac6f0fa6d4bab1c1
06d82769df6e4073b1fc57109256731c,Jazz,tempo change,-0.5 (159 to 79),Generate a Jazz song at 159 BPM that decreases to 79.,Jazz_tempo-change_-0.5-(159-to-79)_06d82769df6e4073b1fc57109256731c
416fb985321a46d7b477844ac3dc5523,Jazz,time signature,04-Apr,Generate a Jazz song with a 4/4 time signature at 83 BPM.,Jazz_time-signature_4/4_416fb985321a46d7b477844ac3dc5523
65211431442b4cdb92ff23d65c42a6d3,Jazz,time signature,04-Apr,Generate a Jazz song with a 4/4 time signature at 115 BPM.,Jazz_time-signature_4/4_65211431442b4cdb92ff23d65c42a6d3
eb5250d3123d40619bd153656f03ac1a,Jazz,time signature,04-Apr,Generate a Jazz song with a 4/4 time signature at 155 BPM.,Jazz_time-signature_4/4_eb5250d3123d40619bd153656f03ac1a
c2f4998acc3e42c28b7b65756a08790c,Jazz,time signature,03-Apr,Generate a Jazz song with a 3/4 time signature at 77 BPM.,Jazz_time-signature_3/4_c2f4998acc3e42c28b7b65756a08790c
59e0f4543c33449cb818396eb152f06c,Jazz,time signature,03-Apr,Generate a Jazz song with a 3/4 time signature at 120 BPM.,Jazz_time-signature_3/4_59e0f4543c33449cb818396eb152f06c
74fcbbb1be4a44e68c794b5e3cc20824,Jazz,time signature,03-Apr,Generate a Jazz song with a 3/4 time signature at 170 BPM.,Jazz_time-signature_3/4_74fcbbb1be4a44e68c794b5e3cc20824
2ca52dd24bc54578afaabd133114fd4a,Jazz,time signature,05-Apr,Generate a Jazz song with a 5/4 time signature at 66 BPM.,Jazz_time-signature_5/4_2ca52dd24bc54578afaabd133114fd4a
4ce179bc305f433cbf59e51c7a1fab80,Jazz,time signature,05-Apr,Generate a Jazz song with a 5/4 time signature at 118 BPM.,Jazz_time-signature_5/4_4ce179bc305f433cbf59e51c7a1fab80
26bd1f97e1c84623bedb17eb02b92ea8,Jazz,time signature,05-Apr,Generate a Jazz song with a 5/4 time signature at 168 BPM.,Jazz_time-signature_5/4_26bd1f97e1c84623bedb17eb02b92ea8
7456e0eaed0a402aad5d6a6b24e98cba,Electronic,tempo,76,Generate a Electronic song at 76 BPM.,Electronic_tempo_76_7456e0eaed0a402aad5d6a6b24e98cba
18fab1dcb3074c4ba2a91160d73ab01c,Electronic,tempo,64,Generate a Electronic song at 64 BPM.,Electronic_tempo_64_18fab1dcb3074c4ba2a91160d73ab01c
dc217e81fea74cf5b990738e7bb93b87,Electronic,tempo,75,Generate a Electronic song at 75 BPM.,Electronic_tempo_75_dc217e81fea74cf5b990738e7bb93b87
a7c69b8300134d918b5c3cfa98a8e4ac,Electronic,tempo,77,Generate a Electronic song at 77 BPM.,Electronic_tempo_77_a7c69b8300134d918b5c3cfa98a8e4ac
aeae5bc00d1a4dc5b1f4303e92d4b74a,Electronic,tempo,102,Generate a Electronic song at 102 BPM.,Electronic_tempo_102_aeae5bc00d1a4dc5b1f4303e92d4b74a
50d41eedf68642cb802872644b39a145,Electronic,tempo,124,Generate a Electronic song at 124 BPM.,Electronic_tempo_124_50d41eedf68642cb802872644b39a145
ec87a20b370f48bea97f447cc1a5cc76,Electronic,tempo,120,Generate a Electronic song at 120 BPM.,Electronic_tempo_120_ec87a20b370f48bea97f447cc1a5cc76
5d9965f3744847a4a5c85dd7d2d1d8b2,Electronic,tempo,121,Generate a Electronic song at 121 BPM.,Electronic_tempo_121_5d9965f3744847a4a5c85dd7d2d1d8b2
6d4438955687435f982a7df9d1ed2354,Electronic,tempo,146,Generate a Electronic song at 146 BPM.,Electronic_tempo_146_6d4438955687435f982a7df9d1ed2354
e9274521b8954de7928e15c3875de6ab,Electronic,tempo,160,Generate a Electronic song at 160 BPM.,Electronic_tempo_160_e9274521b8954de7928e15c3875de6ab
c776dabe7abf45a39b27b83a83da73a3,Electronic,tempo,143,Generate a Electronic song at 143 BPM.,Electronic_tempo_143_c776dabe7abf45a39b27b83a83da73a3
a2d138c8088d4955a0813191e5ecf1cd,Electronic,tempo,169,Generate a Electronic song at 169 BPM.,Electronic_tempo_169_a2d138c8088d4955a0813191e5ecf1cd
eb1447a7475f49ce8fd69531e18e066c,Electronic,key,C Major,Generate a Electronic song in C Major.,Electronic_key_C-Major_eb1447a7475f49ce8fd69531e18e066c
db3e1f8d55ae46e8ba2a19c6815a943e,Electronic,key,C Minor,Generate a Electronic song in C Minor.,Electronic_key_C-Minor_db3e1f8d55ae46e8ba2a19c6815a943e
0672bfb3e21e4195975b057003cbf1d3,Electronic,key,D Major,Generate a Electronic song in D Major.,Electronic_key_D-Major_0672bfb3e21e4195975b057003cbf1d3
9faaf11d317b4216a3b14608d66e7a1b,Electronic,key,D Minor,Generate a Electronic song in D Minor.,Electronic_key_D-Minor_9faaf11d317b4216a3b14608d66e7a1b
da705aa497074e63a42f4fb684dc738a,Electronic,key,F Major,Generate a Electronic song in F Major.,Electronic_key_F-Major_da705aa497074e63a42f4fb684dc738a
17ff288c27fb4c6c95295c9c11556e05,Electronic,key,F Minor,Generate a Electronic song in F Minor.,Electronic_key_F-Minor_17ff288c27fb4c6c95295c9c11556e05
d59e6a6b2e8a430897371074c6d6d3c1,Electronic,key,B Major,Generate a Electronic song in B Major.,Electronic_key_B-Major_d59e6a6b2e8a430897371074c6d6d3c1
38a3a9cafe794b9bae466a180305385c,Electronic,key,B Minor,Generate a Electronic song in B Minor.,Electronic_key_B-Minor_38a3a9cafe794b9bae466a180305385c
e79adc62606249adae955fe7727dcf9d,Electronic,key,C# Major,Generate a Electronic song in C# Major.,Electronic_key_C#-Major_e79adc62606249adae955fe7727dcf9d
66aed40027fb4578a4c313353c2b8b36,Electronic,key,C# Minor,Generate a Electronic song in C# Minor.,Electronic_key_C#-Minor_66aed40027fb4578a4c313353c2b8b36
53f09dea43b54596974db675bb1edf58,Electronic,key,F# Major,Generate a Electronic song in F# Major.,Electronic_key_F#-Major_53f09dea43b54596974db675bb1edf58
91c62c0afde44a2c95649628ce552b1c,Electronic,key,F# Minor,Generate a Electronic song in F# Minor.,Electronic_key_F#-Minor_91c62c0afde44a2c95649628ce552b1c
c0db2cfa9ea8436ca88d6a122b119c8f,Electronic,key modulation,to the fifth degree,Generate a Electronic song in B Major that modulates to the fifth degree.,Electronic_key-modulation_to-the-fifth-degree_c0db2cfa9ea8436ca88d6a122b119c8f
f0bcbdd0c4864a94b1fd2f593655f413,Electronic,key modulation,to the fifth degree,Generate a Electronic song in D Minor that modulates to the fifth degree.,Electronic_key-modulation_to-the-fifth-degree_f0bcbdd0c4864a94b1fd2f593655f413
fccb5a68f496435097ec3d06da7f9279,Electronic,key modulation,to the relative Minor,Generate a Electronic song in F Major that modulates to the relative Minor.,Electronic_key-modulation_to-the-relative-Minor_fccb5a68f496435097ec3d06da7f9279
ec7e4e55682f431697b602e12cb9d84b,Electronic,key modulation,to the relative Minor,Generate a Electronic song in F# Major that modulates to the relative Minor.,Electronic_key-modulation_to-the-relative-Minor_ec7e4e55682f431697b602e12cb9d84b
bb62ac4ecb8342f39d4708070316d1ed,Electronic,key modulation,to the relative Major,Generate a Electronic song in F Minor that modulates to the relative Major.,Electronic_key-modulation_to-the-relative-Major_bb62ac4ecb8342f39d4708070316d1ed
4175be7e32854594a8120617ffc0db44,Electronic,key modulation,to the relative Major,Generate a Electronic song in F# Minor that modulates to the relative Major.,Electronic_key-modulation_to-the-relative-Major_4175be7e32854594a8120617ffc0db44
a24a364379364176bd84524dc1feea2b,Electronic,key modulation,to the parallel Minor,Generate a Electronic song in F Major that modulates to the parallel Minor.,Electronic_key-modulation_to-the-parallel-Minor_a24a364379364176bd84524dc1feea2b
9e07c059537746859a6e1fc33d2a9c18,Electronic,key modulation,to the parallel Minor,Generate a Electronic song in F# Major that modulates to the parallel Minor.,Electronic_key-modulation_to-the-parallel-Minor_9e07c059537746859a6e1fc33d2a9c18
8f0f181cb4f645dcbafcb0eba97be680,Electronic,key modulation,to the parallel Major,Generate a Electronic song in D Minor that modulates to the parallel Major.,Electronic_key-modulation_to-the-parallel-Major_8f0f181cb4f645dcbafcb0eba97be680
88b0fd1adcfe45bfb19be3f8d9fbb663,Electronic,key modulation,to the parallel Major,Generate a Electronic song in C# Minor that modulates to the parallel Major.,Electronic_key-modulation_to-the-parallel-Major_88b0fd1adcfe45bfb19be3f8d9fbb663
7409678efa6c4449b3a700e6bd871765,Electronic,tempo change,0.25 (64 to 80),Generate a Electronic song at 64 BPM that increases to 80.,Electronic_tempo-change_0.25-(64-to-80)_7409678efa6c4449b3a700e6bd871765
278bc117543846e2b7b31b6f61df98a2,Electronic,tempo change,0.25 (121 to 151),Generate a Electronic song at 121 BPM that increases to 151.,Electronic_tempo-change_0.25-(121-to-151)_278bc117543846e2b7b31b6f61df98a2
518b65442baa4bfd984ba56ee3a4ab8f,Electronic,tempo change,0.25 (174 to 217),Generate a Electronic song at 174 BPM that increases to 217.,Electronic_tempo-change_0.25-(174-to-217)_518b65442baa4bfd984ba56ee3a4ab8f
3f4dccb0e14549b1b367bb513014864e,Electronic,tempo change,-0.25 (82 to 61),Generate a Electronic song at 82 BPM that decreases to 61.,Electronic_tempo-change_-0.25-(82-to-61)_3f4dccb0e14549b1b367bb513014864e
4777b738d4394a4cb6400dc13ffbfef2,Electronic,tempo change,-0.25 (130 to 97),Generate a Electronic song at 130 BPM that decreases to 97.,Electronic_tempo-change_-0.25-(130-to-97)_4777b738d4394a4cb6400dc13ffbfef2
3251cfe5237f46159cb5f8e7e0c33398,Electronic,tempo change,-0.25 (154 to 115),Generate a Electronic song at 154 BPM that decreases to 115.,Electronic_tempo-change_-0.25-(154-to-115)_3251cfe5237f46159cb5f8e7e0c33398
83362c6ddbf64183bf09f9f7696149c7,Electronic,tempo change,0.5 (66 to 99),Generate a Electronic song at 66 BPM that increases to 99.,Electronic_tempo-change_0.5-(66-to-99)_83362c6ddbf64183bf09f9f7696149c7
0bb58eef3f814df1b4345d5857f14b5e,Electronic,tempo change,0.5 (116 to 174),Generate a Electronic song at 116 BPM that increases to 174.,Electronic_tempo-change_0.5-(116-to-174)_0bb58eef3f814df1b4345d5857f14b5e
52b8e7705a26428ab4a634902754eccd,Electronic,tempo change,0.5 (180 to 270),Generate a Electronic song at 180 BPM that increases to 270.,Electronic_tempo-change_0.5-(180-to-270)_52b8e7705a26428ab4a634902754eccd
ea716d39ba624f97913bb5900c1a86d0,Electronic,tempo change,-0.5 (87 to 43),Generate a Electronic song at 87 BPM that decreases to 43.,Electronic_tempo-change_-0.5-(87-to-43)_ea716d39ba624f97913bb5900c1a86d0
396c398e41264c3fb887db756ab13967,Electronic,tempo change,-0.5 (117 to 58),Generate a Electronic song at 117 BPM that decreases to 58.,Electronic_tempo-change_-0.5-(117-to-58)_396c398e41264c3fb887db756ab13967
f82324d94d9745c4b3d4e36f8498b4de,Electronic,tempo change,-0.5 (180 to 90),Generate a Electronic song at 180 BPM that decreases to 90.,Electronic_tempo-change_-0.5-(180-to-90)_f82324d94d9745c4b3d4e36f8498b4de
618b763af8d54d54a95a964eb57a8301,Electronic,time signature,04-Apr,Generate a Electronic song with a 4/4 time signature at 83 BPM.,Electronic_time-signature_4/4_618b763af8d54d54a95a964eb57a8301
1de9df79d4384329bfc36ca3da57a114,Electronic,time signature,04-Apr,Generate a Electronic song with a 4/4 time signature at 123 BPM.,Electronic_time-signature_4/4_1de9df79d4384329bfc36ca3da57a114
a173c17186884413a0b4a22cf73bdbeb,Electronic,time signature,04-Apr,Generate a Electronic song with a 4/4 time signature at 157 BPM.,Electronic_time-signature_4/4_a173c17186884413a0b4a22cf73bdbeb
8a1b1a8976dc4cfe943e900a20d90163,Electronic,time signature,03-Apr,Generate a Electronic song with a 3/4 time signature at 76 BPM.,Electronic_time-signature_3/4_8a1b1a8976dc4cfe943e900a20d90163
dc0a8787eedb4cf89877d46b4d333da8,Electronic,time signature,03-Apr,Generate a Electronic song with a 3/4 time signature at 100 BPM.,Electronic_time-signature_3/4_dc0a8787eedb4cf89877d46b4d333da8
f4b7a01a08cf4190b1072e149e2afd40,Electronic,time signature,03-Apr,Generate a Electronic song with a 3/4 time signature at 179 BPM.,Electronic_time-signature_3/4_f4b7a01a08cf4190b1072e149e2afd40
7e39d3a4d9c3417e9e3c08bd588fed21,Electronic,time signature,05-Apr,Generate a Electronic song with a 5/4 time signature at 79 BPM.,Electronic_time-signature_5/4_7e39d3a4d9c3417e9e3c08bd588fed21
16fecc4b762c43f7ab5aa372fba90c96,Electronic,time signature,05-Apr,Generate a Electronic song with a 5/4 time signature at 125 BPM.,Electronic_time-signature_5/4_16fecc4b762c43f7ab5aa372fba90c96
a9d26e3c489340d4a214e5983634d73e,Electronic,time signature,05-Apr,Generate a Electronic song with a 5/4 time signature at 172 BPM.,Electronic_time-signature_5/4_a9d26e3c489340d4a214e5983634d73e
a8cd61fcea9840e99e3346bc74d64ec4,Hip Hop,tempo,66,Generate a Hip Hop song at 66 BPM.,Hip-Hop_tempo_66_a8cd61fcea9840e99e3346bc74d64ec4
164b8e2ebc0e4b6f89063008bd0b8e94,Hip Hop,tempo,75,Generate a Hip Hop song at 75 BPM.,Hip-Hop_tempo_75_164b8e2ebc0e4b6f89063008bd0b8e94
98e43e66022840ba8e49f75abd5dadab,Hip Hop,tempo,78,Generate a Hip Hop song at 78 BPM.,Hip-Hop_tempo_78_98e43e66022840ba8e49f75abd5dadab
87d6c687e5694eeab075ddf0e6fb67ef,Hip Hop,tempo,71,Generate a Hip Hop song at 71 BPM.,Hip-Hop_tempo_71_87d6c687e5694eeab075ddf0e6fb67ef
b0284209b52d40378a2a051fdfc5e0e6,Hip Hop,tempo,104,Generate a Hip Hop song at 104 BPM.,Hip-Hop_tempo_104_b0284209b52d40378a2a051fdfc5e0e6
e37a9dc38e1c498dacca56bc652db75b,Hip Hop,tempo,122,Generate a Hip Hop song at 122 BPM.,Hip-Hop_tempo_122_e37a9dc38e1c498dacca56bc652db75b
613b6699771b4e068793d94e63afdcde,Hip Hop,tempo,114,Generate a Hip Hop song at 114 BPM.,Hip-Hop_tempo_114_613b6699771b4e068793d94e63afdcde
bcc9d35713ba41dd938dc795fefd80d1,Hip Hop,tempo,123,Generate a Hip Hop song at 123 BPM.,Hip-Hop_tempo_123_bcc9d35713ba41dd938dc795fefd80d1
c556e56e3b9c48fd819106e360bb729d,Hip Hop,tempo,151,Generate a Hip Hop song at 151 BPM.,Hip-Hop_tempo_151_c556e56e3b9c48fd819106e360bb729d
f621be842c92447f92b380778d1aa8b1,Hip Hop,tempo,146,Generate a Hip Hop song at 146 BPM.,Hip-Hop_tempo_146_f621be842c92447f92b380778d1aa8b1
8ec80525960e4bf291de28011e04b7a4,Hip Hop,tempo,152,Generate a Hip Hop song at 152 BPM.,Hip-Hop_tempo_152_8ec80525960e4bf291de28011e04b7a4
8c6987990b6c43f39ae7d4cc79013e6a,Hip Hop,tempo,141,Generate a Hip Hop song at 141 BPM.,Hip-Hop_tempo_141_8c6987990b6c43f39ae7d4cc79013e6a
aa5c860b88f64bdcaa1af7650d3de403,Hip Hop,key,C Major,Generate a Hip Hop song in C Major.,Hip-Hop_key_C-Major_aa5c860b88f64bdcaa1af7650d3de403
51a9e5d37d674d899a5be8667f7b0d51,Hip Hop,key,C Minor,Generate a Hip Hop song in C Minor.,Hip-Hop_key_C-Minor_51a9e5d37d674d899a5be8667f7b0d51
7d2652c41c8645758ccb8ea08c90fc82,Hip Hop,key,D Major,Generate a Hip Hop song in D Major.,Hip-Hop_key_D-Major_7d2652c41c8645758ccb8ea08c90fc82
142ffb6728364024bb10f1876216911d,Hip Hop,key,D Minor,Generate a Hip Hop song in D Minor.,Hip-Hop_key_D-Minor_142ffb6728364024bb10f1876216911d
6d8a0436acc24efe81bd97c06b97c7be,Hip Hop,key,F Major,Generate a Hip Hop song in F Major.,Hip-Hop_key_F-Major_6d8a0436acc24efe81bd97c06b97c7be
3b07bb412dc04398870c41e004314488,Hip Hop,key,F Minor,Generate a Hip Hop song in F Minor.,Hip-Hop_key_F-Minor_3b07bb412dc04398870c41e004314488
55df09e9e91446ebb09a50dad926c617,Hip Hop,key,B Major,Generate a Hip Hop song in B Major.,Hip-Hop_key_B-Major_55df09e9e91446ebb09a50dad926c617
dda897b2c7f743ae994004520406bd85,Hip Hop,key,B Minor,Generate a Hip Hop song in B Minor.,Hip-Hop_key_B-Minor_dda897b2c7f743ae994004520406bd85
50e08c8d44624746ac9b2f0353d7653c,Hip Hop,key,C# Major,Generate a Hip Hop song in C# Major.,Hip-Hop_key_C#-Major_50e08c8d44624746ac9b2f0353d7653c
7331b77087f54fe29e4311e3db6869f9,Hip Hop,key,C# Minor,Generate a Hip Hop song in C# Minor.,Hip-Hop_key_C#-Minor_7331b77087f54fe29e4311e3db6869f9
327c70aa5cd54ab5ba3d3cb3b53aecd8,Hip Hop,key,F# Major,Generate a Hip Hop song in F# Major.,Hip-Hop_key_F#-Major_327c70aa5cd54ab5ba3d3cb3b53aecd8
3662609576204d50a4cad309002a4a43,Hip Hop,key,F# Minor,Generate a Hip Hop song in F# Minor.,Hip-Hop_key_F#-Minor_3662609576204d50a4cad309002a4a43
435b37a1768d4090831315dfb1f4f7be,Hip Hop,key modulation,to the fifth degree,Generate a Hip Hop song in F# Major that modulates to the fifth degree.,Hip-Hop_key-modulation_to-the-fifth-degree_435b37a1768d4090831315dfb1f4f7be
54f8f55b6006408fb7e987acf4fc5d8f,Hip Hop,key modulation,to the fifth degree,Generate a Hip Hop song in D Minor that modulates to the fifth degree.,Hip-Hop_key-modulation_to-the-fifth-degree_54f8f55b6006408fb7e987acf4fc5d8f
5eb7e80506984722bf91d1c344dfcd92,Hip Hop,key modulation,to the relative Minor,Generate a Hip Hop song in C# Major that modulates to the relative Minor.,Hip-Hop_key-modulation_to-the-relative-Minor_5eb7e80506984722bf91d1c344dfcd92
9566a8e40be349d0953f41811c81d0bc,Hip Hop,key modulation,to the relative Minor,Generate a Hip Hop song in F# Major that modulates to the relative Minor.,Hip-Hop_key-modulation_to-the-relative-Minor_9566a8e40be349d0953f41811c81d0bc
231ffe5e7de2493a934d8082cb622558,Hip Hop,key modulation,to the relative Major,Generate a Hip Hop song in D Minor that modulates to the relative Major.,Hip-Hop_key-modulation_to-the-relative-Major_231ffe5e7de2493a934d8082cb622558
5a26747acc644077a8a2a73342812050,Hip Hop,key modulation,to the relative Major,Generate a Hip Hop song in F Minor that modulates to the relative Major.,Hip-Hop_key-modulation_to-the-relative-Major_5a26747acc644077a8a2a73342812050
8f8567441891439192a76984dade25f3,Hip Hop,key modulation,to the parallel Minor,Generate a Hip Hop song in F Major that modulates to the parallel Minor.,Hip-Hop_key-modulation_to-the-parallel-Minor_8f8567441891439192a76984dade25f3
e1a83ccfbbfc44f7884a4ca3b32cac1e,Hip Hop,key modulation,to the parallel Minor,Generate a Hip Hop song in C Major that modulates to the parallel Minor.,Hip-Hop_key-modulation_to-the-parallel-Minor_e1a83ccfbbfc44f7884a4ca3b32cac1e
f635d27a96e54034b105e11378847be9,Hip Hop,key modulation,to the parallel Major,Generate a Hip Hop song in C# Minor that modulates to the parallel Major.,Hip-Hop_key-modulation_to-the-parallel-Major_f635d27a96e54034b105e11378847be9
94f24b1bf1604b5a913f125bf546a677,Hip Hop,key modulation,to the parallel Major,Generate a Hip Hop song in F# Minor that modulates to the parallel Major.,Hip-Hop_key-modulation_to-the-parallel-Major_94f24b1bf1604b5a913f125bf546a677
f9d8f2fcfa024c5baed8f85ccad68e01,Hip Hop,tempo change,0.25 (63 to 78),Generate a Hip Hop song at 63 BPM that increases to 78.,Hip-Hop_tempo-change_0.25-(63-to-78)_f9d8f2fcfa024c5baed8f85ccad68e01
959eab4ed96a427eab9584ae59c18a25,Hip Hop,tempo change,0.25 (119 to 148),Generate a Hip Hop song at 119 BPM that increases to 148.,Hip-Hop_tempo-change_0.25-(119-to-148)_959eab4ed96a427eab9584ae59c18a25
c4d955a90fd94f9396c54cb490d7a69a,Hip Hop,tempo change,0.25 (164 to 205),Generate a Hip Hop song at 164 BPM that increases to 205.,Hip-Hop_tempo-change_0.25-(164-to-205)_c4d955a90fd94f9396c54cb490d7a69a
166a428ee0a043abbdffaab4a5218c10,Hip Hop,tempo change,-0.25 (79 to 59),Generate a Hip Hop song at 79 BPM that decreases to 59.,Hip-Hop_tempo-change_-0.25-(79-to-59)_166a428ee0a043abbdffaab4a5218c10
ccd2e15f58e24f6cac0ddfa96acce3bf,Hip Hop,tempo change,-0.25 (106 to 79),Generate a Hip Hop song at 106 BPM that decreases to 79.,Hip-Hop_tempo-change_-0.25-(106-to-79)_ccd2e15f58e24f6cac0ddfa96acce3bf
159b8d7fbe144404b31f2782c7424437,Hip Hop,tempo change,-0.25 (162 to 121),Generate a Hip Hop song at 162 BPM that decreases to 121.,Hip-Hop_tempo-change_-0.25-(162-to-121)_159b8d7fbe144404b31f2782c7424437
fb41b15c20ba44f489c31079169c08ba,Hip Hop,tempo change,0.5 (83 to 124),Generate a Hip Hop song at 83 BPM that increases to 124.,Hip-Hop_tempo-change_0.5-(83-to-124)_fb41b15c20ba44f489c31079169c08ba
1b8b780e679940f697c2f227f5aef3bb,Hip Hop,tempo change,0.5 (114 to 171),Generate a Hip Hop song at 114 BPM that increases to 171.,Hip-Hop_tempo-change_0.5-(114-to-171)_1b8b780e679940f697c2f227f5aef3bb
fb138cff20094c2a88e3ad58e0eb0c79,Hip Hop,tempo change,0.5 (163 to 244),Generate a Hip Hop song at 163 BPM that increases to 244.,Hip-Hop_tempo-change_0.5-(163-to-244)_fb138cff20094c2a88e3ad58e0eb0c79
8235a41d792f4bb9aa56d8a26aa40953,Hip Hop,tempo change,-0.5 (73 to 36),Generate a Hip Hop song at 73 BPM that decreases to 36.,Hip-Hop_tempo-change_-0.5-(73-to-36)_8235a41d792f4bb9aa56d8a26aa40953
ff83320232654140bcac29304296b6d2,Hip Hop,tempo change,-0.5 (100 to 50),Generate a Hip Hop song at 100 BPM that decreases to 50.,Hip-Hop_tempo-change_-0.5-(100-to-50)_ff83320232654140bcac29304296b6d2
11b47b6b087b431d9dbe90dd08dfb344,Hip Hop,tempo change,-0.5 (162 to 81),Generate a Hip Hop song at 162 BPM that decreases to 81.,Hip-Hop_tempo-change_-0.5-(162-to-81)_11b47b6b087b431d9dbe90dd08dfb344
788c3234426d4e828cfd271a6c6c3f9e,Hip Hop,time signature,04-Apr,Generate a Hip Hop song with a 4/4 time signature at 66 BPM.,Hip-Hop_time-signature_4/4_788c3234426d4e828cfd271a6c6c3f9e
65ddc29d9d63492c96ef42bec420a880,Hip Hop,time signature,04-Apr,Generate a Hip Hop song with a 4/4 time signature at 126 BPM.,Hip-Hop_time-signature_4/4_65ddc29d9d63492c96ef42bec420a880
c46699e2e4d7466593e8dc51caa482ce,Hip Hop,time signature,04-Apr,Generate a Hip Hop song with a 4/4 time signature at 145 BPM.,Hip-Hop_time-signature_4/4_c46699e2e4d7466593e8dc51caa482ce
5df83333caeb4232a99a724fd07801ce,Hip Hop,time signature,03-Apr,Generate a Hip Hop song with a 3/4 time signature at 66 BPM.,Hip-Hop_time-signature_3/4_5df83333caeb4232a99a724fd07801ce
e33c8f715a474b62bb54dd28d279f88e,Hip Hop,time signature,03-Apr,Generate a Hip Hop song with a 3/4 time signature at 130 BPM.,Hip-Hop_time-signature_3/4_e33c8f715a474b62bb54dd28d279f88e
c9afe054f8cd466d8222d97653b28322,Hip Hop,time signature,03-Apr,Generate a Hip Hop song with a 3/4 time signature at 164 BPM.,Hip-Hop_time-signature_3/4_c9afe054f8cd466d8222d97653b28322
dd464bcaa7224f379f536da3970c3626,Hip Hop,time signature,05-Apr,Generate a Hip Hop song with a 5/4 time signature at 73 BPM.,Hip-Hop_time-signature_5/4_dd464bcaa7224f379f536da3970c3626
4b7f3cc354b940ada1efb70413be08af,Hip Hop,time signature,05-Apr,Generate a Hip Hop song with a 5/4 time signature at 128 BPM.,Hip-Hop_time-signature_5/4_4b7f3cc354b940ada1efb70413be08af
84d41f4bf5584cbbb68eda0fcd14664f,Hip Hop,time signature,05-Apr,Generate a Hip Hop song with a 5/4 time signature at 143 BPM.,Hip-Hop_time-signature_5/4_84d41f4bf5584cbbb68eda0fcd14664f
452f92c61b7646d9b82c9ba96ab56011,Classical,tempo,78,Generate a Classical song at 78 BPM.,Classical_tempo_78_452f92c61b7646d9b82c9ba96ab56011
2f94720a1b9b4a188717c7fd7c17004e,Classical,tempo,66,Generate a Classical song at 66 BPM.,Classical_tempo_66_2f94720a1b9b4a188717c7fd7c17004e
da02d228efe84e87af82e086de934531,Classical,tempo,73,Generate a Classical song at 73 BPM.,Classical_tempo_73_da02d228efe84e87af82e086de934531
64d720092c544749a1b3e7e92757b266,Classical,tempo,84,Generate a Classical song at 84 BPM.,Classical_tempo_84_64d720092c544749a1b3e7e92757b266
1586ec6b29a448f8af8638e71a529a58,Classical,tempo,123,Generate a Classical song at 123 BPM.,Classical_tempo_123_1586ec6b29a448f8af8638e71a529a58
7c99e9f581e9417ea3429660be68b2f0,Classical,tempo,121,Generate a Classical song at 121 BPM.,Classical_tempo_121_7c99e9f581e9417ea3429660be68b2f0
b966dcd754dc42edad4332e06f36bb63,Classical,tempo,117,Generate a Classical song at 117 BPM.,Classical_tempo_117_b966dcd754dc42edad4332e06f36bb63
2c2caf1a8f514532b29d9e6b11dfed4a,Classical,tempo,110,Generate a Classical song at 110 BPM.,Classical_tempo_110_2c2caf1a8f514532b29d9e6b11dfed4a
c26ba4339bea413392adc8297500dac5,Classical,tempo,142,Generate a Classical song at 142 BPM.,Classical_tempo_142_c26ba4339bea413392adc8297500dac5
978c710527de446b8025e11e4d273b08,Classical,tempo,173,Generate a Classical song at 173 BPM.,Classical_tempo_173_978c710527de446b8025e11e4d273b08
361413b1bb134481a163eb57594e8509,Classical,tempo,165,Generate a Classical song at 165 BPM.,Classical_tempo_165_361413b1bb134481a163eb57594e8509
62fb06133cff42fd81da6b09724c76b2,Classical,tempo,162,Generate a Classical song at 162 BPM.,Classical_tempo_162_62fb06133cff42fd81da6b09724c76b2
943266ea43f346408c89a0bb7bbdaa10,Classical,key,C Major,Generate a Classical song in C Major.,Classical_key_C-Major_943266ea43f346408c89a0bb7bbdaa10
0e02f2dda5934c1bb5324d02bd3de0b7,Classical,key,C Minor,Generate a Classical song in C Minor.,Classical_key_C-Minor_0e02f2dda5934c1bb5324d02bd3de0b7
294c66b6c647485785bdb7a16c79c342,Classical,key,D Major,Generate a Classical song in D Major.,Classical_key_D-Major_294c66b6c647485785bdb7a16c79c342
c5a8be44f05d45a3a9c036ae51abd88c,Classical,key,D Minor,Generate a Classical song in D Minor.,Classical_key_D-Minor_c5a8be44f05d45a3a9c036ae51abd88c
46649112f2914c4fab4d1ef3aac6d2bf,Classical,key,F Major,Generate a Classical song in F Major.,Classical_key_F-Major_46649112f2914c4fab4d1ef3aac6d2bf
af24989aecf645cba0a440454b51b3a3,Classical,key,F Minor,Generate a Classical song in F Minor.,Classical_key_F-Minor_af24989aecf645cba0a440454b51b3a3
60ffb765cf7145ea8ff7f9ca563b8360,Classical,key,B Major,Generate a Classical song in B Major.,Classical_key_B-Major_60ffb765cf7145ea8ff7f9ca563b8360
3a4936cf0721476581f546448d0107a5,Classical,key,B Minor,Generate a Classical song in B Minor.,Classical_key_B-Minor_3a4936cf0721476581f546448d0107a5
8ae9e62e8b874a4bb6b5304d757b0caf,Classical,key,C# Major,Generate a Classical song in C# Major.,Classical_key_C#-Major_8ae9e62e8b874a4bb6b5304d757b0caf
578317b6dc064ef7a151f5f4d44b5a0b,Classical,key,C# Minor,Generate a Classical song in C# Minor.,Classical_key_C#-Minor_578317b6dc064ef7a151f5f4d44b5a0b
51842d24eb3b45a1959adfc791d727aa,Classical,key,F# Major,Generate a Classical song in F# Major.,Classical_key_F#-Major_51842d24eb3b45a1959adfc791d727aa
b717450cb7cf4b2d870a16ba5b35bc36,Classical,key,F# Minor,Generate a Classical song in F# Minor.,Classical_key_F#-Minor_b717450cb7cf4b2d870a16ba5b35bc36
e2544dffcfad40d393a4bea144477398,Classical,key modulation,to the fifth degree,Generate a Classical song in C# Major that modulates to the fifth degree.,Classical_key-modulation_to-the-fifth-degree_e2544dffcfad40d393a4bea144477398
8d14ab78ed6d44d6801851a31f1f061c,Classical,key modulation,to the fifth degree,Generate a Classical song in F Major that modulates to the fifth degree.,Classical_key-modulation_to-the-fifth-degree_8d14ab78ed6d44d6801851a31f1f061c
d9c7101b0e30416688e35bdd556110be,Classical,key modulation,to the relative Minor,Generate a Classical song in D Major that modulates to the relative Minor.,Classical_key-modulation_to-the-relative-Minor_d9c7101b0e30416688e35bdd556110be
8659cbde6b5b4edc96dbf83de1a4895f,Classical,key modulation,to the relative Minor,Generate a Classical song in F Major that modulates to the relative Minor.,Classical_key-modulation_to-the-relative-Minor_8659cbde6b5b4edc96dbf83de1a4895f
360d64f66341471e840f800171072700,Classical,key modulation,to the relative Major,Generate a Classical song in C Minor that modulates to the relative Major.,Classical_key-modulation_to-the-relative-Major_360d64f66341471e840f800171072700
7dbc925bb72b4dfc973692627ff35631,Classical,key modulation,to the relative Major,Generate a Classical song in C# Minor that modulates to the relative Major.,Classical_key-modulation_to-the-relative-Major_7dbc925bb72b4dfc973692627ff35631
d3dbe0bb5374414aa630c53c52831016,Classical,key modulation,to the parallel Minor,Generate a Classical song in D Major that modulates to the parallel Minor.,Classical_key-modulation_to-the-parallel-Minor_d3dbe0bb5374414aa630c53c52831016
69269391e9124db1a0d9f60382a3deff,Classical,key modulation,to the parallel Minor,Generate a Classical song in B Major that modulates to the parallel Minor.,Classical_key-modulation_to-the-parallel-Minor_69269391e9124db1a0d9f60382a3deff
a23c7e457d8f442dadae94afe70ec9c8,Classical,key modulation,to the parallel Major,Generate a Classical song in B Minor that modulates to the parallel Major.,Classical_key-modulation_to-the-parallel-Major_a23c7e457d8f442dadae94afe70ec9c8
e93cd18b964d4d2e909929c4530a7bae,Classical,key modulation,to the parallel Major,Generate a Classical song in F# Minor that modulates to the parallel Major.,Classical_key-modulation_to-the-parallel-Major_e93cd18b964d4d2e909929c4530a7bae
d73e5a89a9434569aab615fdc7b1ebbd,Classical,tempo change,0.25 (74 to 92),Generate a Classical song at 74 BPM that increases to 92.,Classical_tempo-change_0.25-(74-to-92)_d73e5a89a9434569aab615fdc7b1ebbd
b726c918aa934c1ab574ab046ca17d6e,Classical,tempo change,0.25 (104 to 130),Generate a Classical song at 104 BPM that increases to 130.,Classical_tempo-change_0.25-(104-to-130)_b726c918aa934c1ab574ab046ca17d6e
43da57a9933b494f9d6272e81445ae09,Classical,tempo change,0.25 (178 to 222),Generate a Classical song at 178 BPM that increases to 222.,Classical_tempo-change_0.25-(178-to-222)_43da57a9933b494f9d6272e81445ae09
7b805d4e4c1a439e88295f0da959996f,Classical,tempo change,-0.25 (73 to 54),Generate a Classical song at 73 BPM that decreases to 54.,Classical_tempo-change_-0.25-(73-to-54)_7b805d4e4c1a439e88295f0da959996f
e764a33af2c845cf81fad947d4f77cff,Classical,tempo change,-0.25 (130 to 97),Generate a Classical song at 130 BPM that decreases to 97.,Classical_tempo-change_-0.25-(130-to-97)_e764a33af2c845cf81fad947d4f77cff
70122c8185bd4c0d82ff2a2bfd48fea3,Classical,tempo change,-0.25 (158 to 118),Generate a Classical song at 158 BPM that decreases to 118.,Classical_tempo-change_-0.25-(158-to-118)_70122c8185bd4c0d82ff2a2bfd48fea3
5c8e2fe5e16b4eefbc0df89382ded93e,Classical,tempo change,0.5 (78 to 117),Generate a Classical song at 78 BPM that increases to 117.,Classical_tempo-change_0.5-(78-to-117)_5c8e2fe5e16b4eefbc0df89382ded93e
ad0cd684b4ce409ba6d4ae134ccd6bf4,Classical,tempo change,0.5 (119 to 178),Generate a Classical song at 119 BPM that increases to 178.,Classical_tempo-change_0.5-(119-to-178)_ad0cd684b4ce409ba6d4ae134ccd6bf4
2c4ace434bc0420a8c92d037742af605,Classical,tempo change,0.5 (166 to 249),Generate a Classical song at 166 BPM that increases to 249.,Classical_tempo-change_0.5-(166-to-249)_2c4ace434bc0420a8c92d037742af605
a322bc2dff514ca3850ca46d9442e20c,Classical,tempo change,-0.5 (77 to 38),Generate a Classical song at 77 BPM that decreases to 38.,Classical_tempo-change_-0.5-(77-to-38)_a322bc2dff514ca3850ca46d9442e20c
734568714b1b4b84a750e5c012f01b90,Classical,tempo change,-0.5 (102 to 51),Generate a Classical song at 102 BPM that decreases to 51.,Classical_tempo-change_-0.5-(102-to-51)_734568714b1b4b84a750e5c012f01b90
d780e8b4344343d3be37a46edd246d2a,Classical,tempo change,-0.5 (149 to 74),Generate a Classical song at 149 BPM that decreases to 74.,Classical_tempo-change_-0.5-(149-to-74)_d780e8b4344343d3be37a46edd246d2a
fcff25114753494f8df0393e68ef67fd,Classical,time signature,04-Apr,Generate a Classical song with a 4/4 time signature at 79 BPM.,Classical_time-signature_4/4_fcff25114753494f8df0393e68ef67fd
edede3ccd1c54395b90c1c13569b864b,Classical,time signature,04-Apr,Generate a Classical song with a 4/4 time signature at 101 BPM.,Classical_time-signature_4/4_edede3ccd1c54395b90c1c13569b864b
7f6568dea371478bb391ec9ac0ab6dfc,Classical,time signature,04-Apr,Generate a Classical song with a 4/4 time signature at 159 BPM.,Classical_time-signature_4/4_7f6568dea371478bb391ec9ac0ab6dfc
3332e3e4d53c47d7ae2ca54b3006f5a1,Classical,time signature,03-Apr,Generate a Classical song with a 3/4 time signature at 68 BPM.,Classical_time-signature_3/4_3332e3e4d53c47d7ae2ca54b3006f5a1
4740b459ded64b6f86b2debcd4831cd5,Classical,time signature,03-Apr,Generate a Classical song with a 3/4 time signature at 109 BPM.,Classical_time-signature_3/4_4740b459ded64b6f86b2debcd4831cd5
4c4c3ad0d4ed45e4b16d0714efec1fae,Classical,time signature,03-Apr,Generate a Classical song with a 3/4 time signature at 168 BPM.,Classical_time-signature_3/4_4c4c3ad0d4ed45e4b16d0714efec1fae
fb8b3fb5e2144ccfa9dafd4b3ccb9d94,Classical,time signature,05-Apr,Generate a Classical song with a 5/4 time signature at 89 BPM.,Classical_time-signature_5/4_fb8b3fb5e2144ccfa9dafd4b3ccb9d94
1adf5bf685e94c2caeccaa9685336daa,Classical,time signature,05-Apr,Generate a Classical song with a 5/4 time signature at 123 BPM.,Classical_time-signature_5/4_1adf5bf685e94c2caeccaa9685336daa
f5ef5f6eb1ca4280878c8f877589d478,Classical,time signature,05-Apr,Generate a Classical song with a 5/4 time signature at 160 BPM.,Classical_time-signature_5/4_f5ef5f6eb1ca4280878c8f877589d478
33281910e2ab481a8545df3b4a38d3cf,Metal,tempo,62,Generate a Metal song at 62 BPM.,Metal_tempo_62_33281910e2ab481a8545df3b4a38d3cf
cf8e2268bf0e4d9da17bbb7cddb452d8,Metal,tempo,88,Generate a Metal song at 88 BPM.,Metal_tempo_88_cf8e2268bf0e4d9da17bbb7cddb452d8
edcf0af2195b4f06b25517b88cd844df,Metal,tempo,86,Generate a Metal song at 86 BPM.,Metal_tempo_86_edcf0af2195b4f06b25517b88cd844df
ec70dc8ba02b422091c62e33c56097a5,Metal,tempo,80,Generate a Metal song at 80 BPM.,Metal_tempo_80_ec70dc8ba02b422091c62e33c56097a5
7a8bcd05d29d41f69d9a6cff68415606,Metal,tempo,108,Generate a Metal song at 108 BPM.,Metal_tempo_108_7a8bcd05d29d41f69d9a6cff68415606
8d92b70657474c1abf8ab0447bf5b952,Metal,tempo,112,Generate a Metal song at 112 BPM.,Metal_tempo_112_8d92b70657474c1abf8ab0447bf5b952
b6044485046a4ea9b2eb06cf6c8d27c1,Metal,tempo,109,Generate a Metal song at 109 BPM.,Metal_tempo_109_b6044485046a4ea9b2eb06cf6c8d27c1
d17c7de6e96840eeb9bc74320a6357c1,Metal,tempo,127,Generate a Metal song at 127 BPM.,Metal_tempo_127_d17c7de6e96840eeb9bc74320a6357c1
3f13348c41bf464fbb361bcb565e1bc0,Metal,tempo,176,Generate a Metal song at 176 BPM.,Metal_tempo_176_3f13348c41bf464fbb361bcb565e1bc0
e4181ed2f3ce43b399a28d7a871c287a,Metal,tempo,170,Generate a Metal song at 170 BPM.,Metal_tempo_170_e4181ed2f3ce43b399a28d7a871c287a
8f9d0951325840a3a0986bea7e577c88,Metal,tempo,141,Generate a Metal song at 141 BPM.,Metal_tempo_141_8f9d0951325840a3a0986bea7e577c88
f6481b336f8145d1aa49389b9643bae9,Metal,tempo,147,Generate a Metal song at 147 BPM.,Metal_tempo_147_f6481b336f8145d1aa49389b9643bae9
ecadcf4551c9443894afff32c895881c,Metal,key,C Major,Generate a Metal song in C Major.,Metal_key_C-Major_ecadcf4551c9443894afff32c895881c
f15684cfa0354920afc2a4565e27bba0,Metal,key,C Minor,Generate a Metal song in C Minor.,Metal_key_C-Minor_f15684cfa0354920afc2a4565e27bba0
6b2d54af69fe4ea48335dcc425e76c2b,Metal,key,D Major,Generate a Metal song in D Major.,Metal_key_D-Major_6b2d54af69fe4ea48335dcc425e76c2b
37596645e32e4035a91b10a622a79374,Metal,key,D Minor,Generate a Metal song in D Minor.,Metal_key_D-Minor_37596645e32e4035a91b10a622a79374
c0810e761404483889d54390db633ed9,Metal,key,F Major,Generate a Metal song in F Major.,Metal_key_F-Major_c0810e761404483889d54390db633ed9
b5e46e24df4f48fdaca414922353bc71,Metal,key,F Minor,Generate a Metal song in F Minor.,Metal_key_F-Minor_b5e46e24df4f48fdaca414922353bc71
23486425ab7c41c3a5b543e4c2713fe8,Metal,key,B Major,Generate a Metal song in B Major.,Metal_key_B-Major_23486425ab7c41c3a5b543e4c2713fe8
2fda461fc4ab4154a7255541a5d613d7,Metal,key,B Minor,Generate a Metal song in B Minor.,Metal_key_B-Minor_2fda461fc4ab4154a7255541a5d613d7
a73539c949f746319cfab844de4b1272,Metal,key,C# Major,Generate a Metal song in C# Major.,Metal_key_C#-Major_a73539c949f746319cfab844de4b1272
7544bcefe7d1472ebd81938b02f639c9,Metal,key,C# Minor,Generate a Metal song in C# Minor.,Metal_key_C#-Minor_7544bcefe7d1472ebd81938b02f639c9
52d9f634055c4652b4d81e0400511878,Metal,key,F# Major,Generate a Metal song in F# Major.,Metal_key_F#-Major_52d9f634055c4652b4d81e0400511878
d0e53bbc358e4dadb1ad777fc0f4a93b,Metal,key,F# Minor,Generate a Metal song in F# Minor.,Metal_key_F#-Minor_d0e53bbc358e4dadb1ad777fc0f4a93b
e7cdff3023564632b46a8d640059ff1c,Metal,key modulation,to the fifth degree,Generate a Metal song in C# Major that modulates to the fifth degree.,Metal_key-modulation_to-the-fifth-degree_e7cdff3023564632b46a8d640059ff1c
9a6107965b0e405993d0924b84b9af11,Metal,key modulation,to the fifth degree,Generate a Metal song in D Minor that modulates to the fifth degree.,Metal_key-modulation_to-the-fifth-degree_9a6107965b0e405993d0924b84b9af11
0fdc3d6056f84dce900ea5fbc95ddda8,Metal,key modulation,to the relative Minor,Generate a Metal song in F Major that modulates to the relative Minor.,Metal_key-modulation_to-the-relative-Minor_0fdc3d6056f84dce900ea5fbc95ddda8
1c98eb74f28545f198e3b5883195149c,Metal,key modulation,to the relative Minor,Generate a Metal song in B Major that modulates to the relative Minor.,Metal_key-modulation_to-the-relative-Minor_1c98eb74f28545f198e3b5883195149c
c274e16083204b19916a978c967b63c0,Metal,key modulation,to the relative Major,Generate a Metal song in B Minor that modulates to the relative Major.,Metal_key-modulation_to-the-relative-Major_c274e16083204b19916a978c967b63c0
263ac82bbe0d401db8c0aac754ce325b,Metal,key modulation,to the relative Major,Generate a Metal song in C Minor that modulates to the relative Major.,Metal_key-modulation_to-the-relative-Major_263ac82bbe0d401db8c0aac754ce325b
091d86f3f13848a5981a825d12a22a81,Metal,key modulation,to the parallel Minor,Generate a Metal song in C# Major that modulates to the parallel Minor.,Metal_key-modulation_to-the-parallel-Minor_091d86f3f13848a5981a825d12a22a81
d49aa5d3b9e74227abb8e56598612486,Metal,key modulation,to the parallel Minor,Generate a Metal song in B Major that modulates to the parallel Minor.,Metal_key-modulation_to-the-parallel-Minor_d49aa5d3b9e74227abb8e56598612486
7e352b9d9b9b4242906b5b7cf0fb312f,Metal,key modulation,to the parallel Major,Generate a Metal song in C# Minor that modulates to the parallel Major.,Metal_key-modulation_to-the-parallel-Major_7e352b9d9b9b4242906b5b7cf0fb312f
595ca5c69e5446aaae9725c4a33fed73,Metal,key modulation,to the parallel Major,Generate a Metal song in C Minor that modulates to the parallel Major.,Metal_key-modulation_to-the-parallel-Major_595ca5c69e5446aaae9725c4a33fed73
f863d030069945668112e4bea822fe18,Metal,tempo change,0.25 (65 to 81),Generate a Metal song at 65 BPM that increases to 81.,Metal_tempo-change_0.25-(65-to-81)_f863d030069945668112e4bea822fe18
428ae0c938cb46e8918ba1786382a733,Metal,tempo change,0.25 (120 to 150),Generate a Metal song at 120 BPM that increases to 150.,Metal_tempo-change_0.25-(120-to-150)_428ae0c938cb46e8918ba1786382a733
c70729df30e94eb8b0bfe1176a3bb101,Metal,tempo change,0.25 (152 to 190),Generate a Metal song at 152 BPM that increases to 190.,Metal_tempo-change_0.25-(152-to-190)_c70729df30e94eb8b0bfe1176a3bb101
e8742384ac814e22912fe68d94359bf1,Metal,tempo change,-0.25 (85 to 63),Generate a Metal song at 85 BPM that decreases to 63.,Metal_tempo-change_-0.25-(85-to-63)_e8742384ac814e22912fe68d94359bf1
ceab47fa180c4b25804c139112b1fe15,Metal,tempo change,-0.25 (123 to 92),Generate a Metal song at 123 BPM that decreases to 92.,Metal_tempo-change_-0.25-(123-to-92)_ceab47fa180c4b25804c139112b1fe15
31c6510ac22648fa8176e21684237bb3,Metal,tempo change,-0.25 (173 to 129),Generate a Metal song at 173 BPM that decreases to 129.,Metal_tempo-change_-0.25-(173-to-129)_31c6510ac22648fa8176e21684237bb3
c580643ba27f4aa0a4ba46cc0beed880,Metal,tempo change,0.5 (61 to 91),Generate a Metal song at 61 BPM that increases to 91.,Metal_tempo-change_0.5-(61-to-91)_c580643ba27f4aa0a4ba46cc0beed880
03ebb9d6cc5e40beaa69e98169885e3c,Metal,tempo change,0.5 (117 to 175),Generate a Metal song at 117 BPM that increases to 175.,Metal_tempo-change_0.5-(117-to-175)_03ebb9d6cc5e40beaa69e98169885e3c
9afefa91032b46dd95a7f8b6e85021a2,Metal,tempo change,0.5 (145 to 217),Generate a Metal song at 145 BPM that increases to 217.,Metal_tempo-change_0.5-(145-to-217)_9afefa91032b46dd95a7f8b6e85021a2
e23b3d76143549d1bb1f7ca278dad69b,Metal,tempo change,-0.5 (68 to 34),Generate a Metal song at 68 BPM that decreases to 34.,Metal_tempo-change_-0.5-(68-to-34)_e23b3d76143549d1bb1f7ca278dad69b
f0e944f32cca44a28ab08a1b93964e5d,Metal,tempo change,-0.5 (100 to 50),Generate a Metal song at 100 BPM that decreases to 50.,Metal_tempo-change_-0.5-(100-to-50)_f0e944f32cca44a28ab08a1b93964e5d
ce00184be45746b0a2d757e4e98672dc,Metal,tempo change,-0.5 (141 to 70),Generate a Metal song at 141 BPM that decreases to 70.,Metal_tempo-change_-0.5-(141-to-70)_ce00184be45746b0a2d757e4e98672dc
703ca46f07cd4c219c16b1be8ff60c21,Metal,time signature,04-Apr,Generate a Metal song with a 4/4 time signature at 77 BPM.,Metal_time-signature_4/4_703ca46f07cd4c219c16b1be8ff60c21
9bda4ca0d35245a7b2fd2c469fe5cdf8,Metal,time signature,04-Apr,Generate a Metal song with a 4/4 time signature at 103 BPM.,Metal_time-signature_4/4_9bda4ca0d35245a7b2fd2c469fe5cdf8
e39e8bee4b574b9c97cfe630d39f8c40,Metal,time signature,04-Apr,Generate a Metal song with a 4/4 time signature at 157 BPM.,Metal_time-signature_4/4_e39e8bee4b574b9c97cfe630d39f8c40
b8fd928c0b854fe1a5db2042ea0bb0f2,Metal,time signature,03-Apr,Generate a Metal song with a 3/4 time signature at 66 BPM.,Metal_time-signature_3/4_b8fd928c0b854fe1a5db2042ea0bb0f2
5e4f12c107884635933591e89a2f9b53,Metal,time signature,03-Apr,Generate a Metal song with a 3/4 time signature at 103 BPM.,Metal_time-signature_3/4_5e4f12c107884635933591e89a2f9b53
8ae988063f03450db8dddce308d265ba,Metal,time signature,03-Apr,Generate a Metal song with a 3/4 time signature at 147 BPM.,Metal_time-signature_3/4_8ae988063f03450db8dddce308d265ba
6983adc75b0b431083b362cd8f0e175c,Metal,time signature,05-Apr,Generate a Metal song with a 5/4 time signature at 75 BPM.,Metal_time-signature_5/4_6983adc75b0b431083b362cd8f0e175c
023c417cf0314156aa3be157b075b870,Metal,time signature,05-Apr,Generate a Metal song with a 5/4 time signature at 115 BPM.,Metal_time-signature_5/4_023c417cf0314156aa3be157b075b870
37808f9b713f48d999b0c28af6994cfc,Metal,time signature,05-Apr,Generate a Metal song with a 5/4 time signature at 162 BPM.,Metal_time-signature_5/4_37808f9b713f48d999b0c28af6994cfc
1d8f40602d054c17ba3ddaaa417241db,Country,tempo,60,Generate a Country song at 60 BPM.,Country_tempo_60_1d8f40602d054c17ba3ddaaa417241db
8efe0fd38a714c41b3a88131e7e311ec,Country,tempo,88,Generate a Country song at 88 BPM.,Country_tempo_88_8efe0fd38a714c41b3a88131e7e311ec
279514486d14419e8c754c2060154a90,Country,tempo,62,Generate a Country song at 62 BPM.,Country_tempo_62_279514486d14419e8c754c2060154a90
f2ff9dd2470544559680039e4a870f5e,Country,tempo,82,Generate a Country song at 82 BPM.,Country_tempo_82_f2ff9dd2470544559680039e4a870f5e
67f60b984c0a41e09b595612190cc928,Country,tempo,108,Generate a Country song at 108 BPM.,Country_tempo_108_67f60b984c0a41e09b595612190cc928
5dec3ee6a9d044cfb4430c78495af641,Country,tempo,121,Generate a Country song at 121 BPM.,Country_tempo_121_5dec3ee6a9d044cfb4430c78495af641
6f85cc9e84ce4d12a72d611ee56ef1d1,Country,tempo,113,Generate a Country song at 113 BPM.,Country_tempo_113_6f85cc9e84ce4d12a72d611ee56ef1d1
bc1128b22dd64f4da1271ec063ebf08b,Country,tempo,127,Generate a Country song at 127 BPM.,Country_tempo_127_bc1128b22dd64f4da1271ec063ebf08b
d8a40d322f94462a98389bf9b0356a3e,Country,tempo,147,Generate a Country song at 147 BPM.,Country_tempo_147_d8a40d322f94462a98389bf9b0356a3e
3332ea7996034f7fb76f10aa84c51221,Country,tempo,161,Generate a Country song at 161 BPM.,Country_tempo_161_3332ea7996034f7fb76f10aa84c51221
328e82fae6e7493fa495f122300926d5,Country,tempo,166,Generate a Country song at 166 BPM.,Country_tempo_166_328e82fae6e7493fa495f122300926d5
e2cc5f71cb134ee8a250b9e7d59aa123,Country,tempo,178,Generate a Country song at 178 BPM.,Country_tempo_178_e2cc5f71cb134ee8a250b9e7d59aa123
262e085d203044a685a3a3d0013053fb,Country,key,C Major,Generate a Country song in C Major.,Country_key_C-Major_262e085d203044a685a3a3d0013053fb
9b97d19e478a42129d26095f71bf8ff4,Country,key,C Minor,Generate a Country song in C Minor.,Country_key_C-Minor_9b97d19e478a42129d26095f71bf8ff4
906f93db9c204763a9ef4ee642504351,Country,key,D Major,Generate a Country song in D Major.,Country_key_D-Major_906f93db9c204763a9ef4ee642504351
ad572e44092a48239a96399a3e3f1134,Country,key,D Minor,Generate a Country song in D Minor.,Country_key_D-Minor_ad572e44092a48239a96399a3e3f1134
7f44b16b94494bfd807f3e5448031f55,Country,key,F Major,Generate a Country song in F Major.,Country_key_F-Major_7f44b16b94494bfd807f3e5448031f55
8a7064d51ed64e5eb1245a556b5d21f4,Country,key,F Minor,Generate a Country song in F Minor.,Country_key_F-Minor_8a7064d51ed64e5eb1245a556b5d21f4
f9e62850c40347219cadd9a719c36cef,Country,key,B Major,Generate a Country song in B Major.,Country_key_B-Major_f9e62850c40347219cadd9a719c36cef
b7f07d10ab5c4955888ad76b0a7a5cd5,Country,key,B Minor,Generate a Country song in B Minor.,Country_key_B-Minor_b7f07d10ab5c4955888ad76b0a7a5cd5
923c0fe61a8e4acf9aa69156775bc658,Country,key,C# Major,Generate a Country song in C# Major.,Country_key_C#-Major_923c0fe61a8e4acf9aa69156775bc658
dbf3cb06750b41c8ace93d19dc764c42,Country,key,C# Minor,Generate a Country song in C# Minor.,Country_key_C#-Minor_dbf3cb06750b41c8ace93d19dc764c42
0e988f0d57004575bc4712a0062097c5,Country,key,F# Major,Generate a Country song in F# Major.,Country_key_F#-Major_0e988f0d57004575bc4712a0062097c5
b32bb36675824f1b9416397f836d1ec6,Country,key,F# Minor,Generate a Country song in F# Minor.,Country_key_F#-Minor_b32bb36675824f1b9416397f836d1ec6
c54d3301dd3345c496777513a1773b90,Country,key modulation,to the fifth degree,Generate a Country song in C Major that modulates to the fifth degree.,Country_key-modulation_to-the-fifth-degree_c54d3301dd3345c496777513a1773b90
465772b6db5141a0b605640709eca3a6,Country,key modulation,to the fifth degree,Generate a Country song in D Major that modulates to the fifth degree.,Country_key-modulation_to-the-fifth-degree_465772b6db5141a0b605640709eca3a6
b0dc92d8110145a78ac69ba6a0d2829b,Country,key modulation,to the relative Minor,Generate a Country song in C# Major that modulates to the relative Minor.,Country_key-modulation_to-the-relative-Minor_b0dc92d8110145a78ac69ba6a0d2829b
b066a64b6a914c54ae8f97f38cba3351,Country,key modulation,to the relative Minor,Generate a Country song in B Major that modulates to the relative Minor.,Country_key-modulation_to-the-relative-Minor_b066a64b6a914c54ae8f97f38cba3351
0bd3553bb7c84c3b9252c205b8068ecb,Country,key modulation,to the relative Major,Generate a Country song in C# Minor that modulates to the relative Major.,Country_key-modulation_to-the-relative-Major_0bd3553bb7c84c3b9252c205b8068ecb
d7c7baf3c9ee4ade8f62d2eb36bd9d59,Country,key modulation,to the relative Major,Generate a Country song in F# Minor that modulates to the relative Major.,Country_key-modulation_to-the-relative-Major_d7c7baf3c9ee4ade8f62d2eb36bd9d59
58e4964dc1464a98a810069dad4b03be,Country,key modulation,to the parallel Minor,Generate a Country song in C Major that modulates to the parallel Minor.,Country_key-modulation_to-the-parallel-Minor_58e4964dc1464a98a810069dad4b03be
306233a29032444e8ffa41de49e12d2e,Country,key modulation,to the parallel Minor,Generate a Country song in D Major that modulates to the parallel Minor.,Country_key-modulation_to-the-parallel-Minor_306233a29032444e8ffa41de49e12d2e
19c6d286fdf5455e810f013c01331348,Country,key modulation,to the parallel Major,Generate a Country song in F# Minor that modulates to the parallel Major.,Country_key-modulation_to-the-parallel-Major_19c6d286fdf5455e810f013c01331348
3dfee95210a547fd9c0547d191a32951,Country,key modulation,to the parallel Major,Generate a Country song in C# Minor that modulates to the parallel Major.,Country_key-modulation_to-the-parallel-Major_3dfee95210a547fd9c0547d191a32951
e42b8b84bc3a4c3fb051cf890134d404,Country,tempo change,0.25 (60 to 75),Generate a Country song at 60 BPM that increases to 75.,Country_tempo-change_0.25-(60-to-75)_e42b8b84bc3a4c3fb051cf890134d404
499e4832254043608b5573bcee1510f1,Country,tempo change,0.25 (117 to 146),Generate a Country song at 117 BPM that increases to 146.,Country_tempo-change_0.25-(117-to-146)_499e4832254043608b5573bcee1510f1
c8b042d02db047d9ac83b7701015a1ad,Country,tempo change,0.25 (141 to 176),Generate a Country song at 141 BPM that increases to 176.,Country_tempo-change_0.25-(141-to-176)_c8b042d02db047d9ac83b7701015a1ad
2f4f7ad8bfa040a3b68c5a18b1c4d032,Country,tempo change,-0.25 (71 to 53),Generate a Country song at 71 BPM that decreases to 53.,Country_tempo-change_-0.25-(71-to-53)_2f4f7ad8bfa040a3b68c5a18b1c4d032
6f6e868b4a984fd387ab17fcc97e64d3,Country,tempo change,-0.25 (100 to 75),Generate a Country song at 100 BPM that decreases to 75.,Country_tempo-change_-0.25-(100-to-75)_6f6e868b4a984fd387ab17fcc97e64d3
5a2428fc060840db87514940ab840f4e,Country,tempo change,-0.25 (168 to 126),Generate a Country song at 168 BPM that decreases to 126.,Country_tempo-change_-0.25-(168-to-126)_5a2428fc060840db87514940ab840f4e
47793f94f30a451999557a1b841e79d5,Country,tempo change,0.5 (77 to 115),Generate a Country song at 77 BPM that increases to 115.,Country_tempo-change_0.5-(77-to-115)_47793f94f30a451999557a1b841e79d5
fb4a8346543241ee83432ec3c5078946,Country,tempo change,0.5 (113 to 169),Generate a Country song at 113 BPM that increases to 169.,Country_tempo-change_0.5-(113-to-169)_fb4a8346543241ee83432ec3c5078946
6c1e7e5c79164ee29fdc725f3f332605,Country,tempo change,0.5 (172 to 258),Generate a Country song at 172 BPM that increases to 258.,Country_tempo-change_0.5-(172-to-258)_6c1e7e5c79164ee29fdc725f3f332605
fcecd34ee7cd41e6851217b9557ea2cd,Country,tempo change,-0.5 (73 to 36),Generate a Country song at 73 BPM that decreases to 36.,Country_tempo-change_-0.5-(73-to-36)_fcecd34ee7cd41e6851217b9557ea2cd
f837a644ff104e3796a78230e9f1268f,Country,tempo change,-0.5 (129 to 64),Generate a Country song at 129 BPM that decreases to 64.,Country_tempo-change_-0.5-(129-to-64)_f837a644ff104e3796a78230e9f1268f
734cc647b32545828d9acd0579882eab,Country,tempo change,-0.5 (177 to 88),Generate a Country song at 177 BPM that decreases to 88.,Country_tempo-change_-0.5-(177-to-88)_734cc647b32545828d9acd0579882eab
f8e3ff849eb44c38ac0f82d769dd942f,Country,time signature,04-Apr,Generate a Country song with a 4/4 time signature at 62 BPM.,Country_time-signature_4/4_f8e3ff849eb44c38ac0f82d769dd942f
65609c8d9786496a81a1a7f6c958f3b6,Country,time signature,04-Apr,Generate a Country song with a 4/4 time signature at 116 BPM.,Country_time-signature_4/4_65609c8d9786496a81a1a7f6c958f3b6
93319100eb324227a3a634c2c1d79cc9,Country,time signature,04-Apr,Generate a Country song with a 4/4 time signature at 149 BPM.,Country_time-signature_4/4_93319100eb324227a3a634c2c1d79cc9
326341de70d542d5ab7dda08c5512464,Country,time signature,03-Apr,Generate a Country song with a 3/4 time signature at 82 BPM.,Country_time-signature_3/4_326341de70d542d5ab7dda08c5512464
444fbf6f6b8849bdae4d99066222e6d0,Country,time signature,03-Apr,Generate a Country song with a 3/4 time signature at 107 BPM.,Country_time-signature_3/4_444fbf6f6b8849bdae4d99066222e6d0
a39e8fad3ac64b22b949e24b74ad4f48,Country,time signature,03-Apr,Generate a Country song with a 3/4 time signature at 174 BPM.,Country_time-signature_3/4_a39e8fad3ac64b22b949e24b74ad4f48
f5f2fdb8c8dd4c018257a3b359f8a08a,Country,time signature,05-Apr,Generate a Country song with a 5/4 time signature at 67 BPM.,Country_time-signature_5/4_f5f2fdb8c8dd4c018257a3b359f8a08a
f80ced1ae4de4f5681f39b4cc2e6f694,Country,time signature,05-Apr,Generate a Country song with a 5/4 time signature at 100 BPM.,Country_time-signature_5/4_f80ced1ae4de4f5681f39b4cc2e6f694
a83d4b8356d24243bf39ff5c79c90c1e,Country,time signature,05-Apr,Generate a Country song with a 5/4 time signature at 151 BPM.,Country_time-signature_5/4_a83d4b8356d24243bf39ff5c79c90c1e
459f4f31f7974f98acfd740453ece0e0,Blues,tempo,61,Generate a Blues song at 61 BPM.,Blues_tempo_61_459f4f31f7974f98acfd740453ece0e0
ca7f75be4e4744998a67d79402e495e8,Blues,tempo,65,Generate a Blues song at 65 BPM.,Blues_tempo_65_ca7f75be4e4744998a67d79402e495e8
8fa1b8e53f1444ddaac410e6432e1759,Blues,tempo,68,Generate a Blues song at 68 BPM.,Blues_tempo_68_8fa1b8e53f1444ddaac410e6432e1759
53c0e1ed14a641c0935dc079299badca,Blues,tempo,67,Generate a Blues song at 67 BPM.,Blues_tempo_67_53c0e1ed14a641c0935dc079299badca
12df97d672ed473d80ea5cae7b1b1313,Blues,tempo,111,Generate a Blues song at 111 BPM.,Blues_tempo_111_12df97d672ed473d80ea5cae7b1b1313
290af84b9e094ab9b2b6d8325a4fe253,Blues,tempo,115,Generate a Blues song at 115 BPM.,Blues_tempo_115_290af84b9e094ab9b2b6d8325a4fe253
8ca471c64b46422e99fb652514b06f4d,Blues,tempo,101,Generate a Blues song at 101 BPM.,Blues_tempo_101_8ca471c64b46422e99fb652514b06f4d
ed09af260cbd41b4a16c3ce1ea8a9cc5,Blues,tempo,104,Generate a Blues song at 104 BPM.,Blues_tempo_104_ed09af260cbd41b4a16c3ce1ea8a9cc5
2a26f7bd44fc4fa1b321a9c774f132d4,Blues,tempo,155,Generate a Blues song at 155 BPM.,Blues_tempo_155_2a26f7bd44fc4fa1b321a9c774f132d4
cebbb0b3d11b488b8e6677a46133fef6,Blues,tempo,160,Generate a Blues song at 160 BPM.,Blues_tempo_160_cebbb0b3d11b488b8e6677a46133fef6
e79065302fb4440d9307da194376e31f,Blues,tempo,170,Generate a Blues song at 170 BPM.,Blues_tempo_170_e79065302fb4440d9307da194376e31f
355b0d3cbd0f43c69b1d1ca26d8fd9cb,Blues,tempo,166,Generate a Blues song at 166 BPM.,Blues_tempo_166_355b0d3cbd0f43c69b1d1ca26d8fd9cb
fb2c27d771734661a22280196650b8f0,Blues,key,C Major,Generate a Blues song in C Major.,Blues_key_C-Major_fb2c27d771734661a22280196650b8f0
83c7b06d3773408ca1c2fa787319398e,Blues,key,C Minor,Generate a Blues song in C Minor.,Blues_key_C-Minor_83c7b06d3773408ca1c2fa787319398e
cb02c3117cff418f864e50131a36817f,Blues,key,D Major,Generate a Blues song in D Major.,Blues_key_D-Major_cb02c3117cff418f864e50131a36817f
1677ca974306463a9b31a4bf64928d4b,Blues,key,D Minor,Generate a Blues song in D Minor.,Blues_key_D-Minor_1677ca974306463a9b31a4bf64928d4b
828d7d753dec4b9a9dcd866d5174b8ea,Blues,key,F Major,Generate a Blues song in F Major.,Blues_key_F-Major_828d7d753dec4b9a9dcd866d5174b8ea
eee7bb2a15484e97ae09ec0f56889bdb,Blues,key,F Minor,Generate a Blues song in F Minor.,Blues_key_F-Minor_eee7bb2a15484e97ae09ec0f56889bdb
366d95e652f24d03a25a8326f39f84b5,Blues,key,B Major,Generate a Blues song in B Major.,Blues_key_B-Major_366d95e652f24d03a25a8326f39f84b5
a85f7972eb884efbb19b81e79c3b47a7,Blues,key,B Minor,Generate a Blues song in B Minor.,Blues_key_B-Minor_a85f7972eb884efbb19b81e79c3b47a7
9e3fda06da7d4b9aa0bb90132e88b1d4,Blues,key,C# Major,Generate a Blues song in C# Major.,Blues_key_C#-Major_9e3fda06da7d4b9aa0bb90132e88b1d4
a36c5bf30c7145c0a291617b7cb86a40,Blues,key,C# Minor,Generate a Blues song in C# Minor.,Blues_key_C#-Minor_a36c5bf30c7145c0a291617b7cb86a40
e2caa8e9bdfa4e04817def5ecf8eea38,Blues,key,F# Major,Generate a Blues song in F# Major.,Blues_key_F#-Major_e2caa8e9bdfa4e04817def5ecf8eea38
20b0fb542eb54cb699505ac798873247,Blues,key,F# Minor,Generate a Blues song in F# Minor.,Blues_key_F#-Minor_20b0fb542eb54cb699505ac798873247
e29bba8d909b4ab8bd35e7f642350e2b,Blues,key modulation,to the fifth degree,Generate a Blues song in C Minor that modulates to the fifth degree.,Blues_key-modulation_to-the-fifth-degree_e29bba8d909b4ab8bd35e7f642350e2b
c1a7e39a3fdd4e02843f7f24873fc470,Blues,key modulation,to the fifth degree,Generate a Blues song in D Major that modulates to the fifth degree.,Blues_key-modulation_to-the-fifth-degree_c1a7e39a3fdd4e02843f7f24873fc470
459e15fb3e4d457f82f57ae4e794a7e7,Blues,key modulation,to the relative Minor,Generate a Blues song in C# Major that modulates to the relative Minor.,Blues_key-modulation_to-the-relative-Minor_459e15fb3e4d457f82f57ae4e794a7e7
39f7f0b00ca247778d7fa6ac5574ce8b,Blues,key modulation,to the relative Minor,Generate a Blues song in F Major that modulates to the relative Minor.,Blues_key-modulation_to-the-relative-Minor_39f7f0b00ca247778d7fa6ac5574ce8b
e3a4e5f084eb4419892cc135ff14e682,Blues,key modulation,to the relative Major,Generate a Blues song in B Minor that modulates to the relative Major.,Blues_key-modulation_to-the-relative-Major_e3a4e5f084eb4419892cc135ff14e682
50de707a2969480bb7f198087cf25d7b,Blues,key modulation,to the relative Major,Generate a Blues song in F Minor that modulates to the relative Major.,Blues_key-modulation_to-the-relative-Major_50de707a2969480bb7f198087cf25d7b
eadb2b51adf14e9ab8718126c7d3b7e7,Blues,key modulation,to the parallel Minor,Generate a Blues song in C Major that modulates to the parallel Minor.,Blues_key-modulation_to-the-parallel-Minor_eadb2b51adf14e9ab8718126c7d3b7e7
a4253a62fe2249dc8d0f7191e4e189d1,Blues,key modulation,to the parallel Minor,Generate a Blues song in F Major that modulates to the parallel Minor.,Blues_key-modulation_to-the-parallel-Minor_a4253a62fe2249dc8d0f7191e4e189d1
9a5940a3375743e48b6e2b2f084143a2,Blues,key modulation,to the parallel Major,Generate a Blues song in C# Minor that modulates to the parallel Major.,Blues_key-modulation_to-the-parallel-Major_9a5940a3375743e48b6e2b2f084143a2
ddda7d594e7a49c8a6cf9c344201eb9f,Blues,key modulation,to the parallel Major,Generate a Blues song in F Minor that modulates to the parallel Major.,Blues_key-modulation_to-the-parallel-Major_ddda7d594e7a49c8a6cf9c344201eb9f
4eb037aab6b348c1ace5325d1beecc0f,Blues,tempo change,0.25 (70 to 87),Generate a Blues song at 70 BPM that increases to 87.,Blues_tempo-change_0.25-(70-to-87)_4eb037aab6b348c1ace5325d1beecc0f
4c7d9961c3704a4f85c4d199295951c7,Blues,tempo change,0.25 (122 to 152),Generate a Blues song at 122 BPM that increases to 152.,Blues_tempo-change_0.25-(122-to-152)_4c7d9961c3704a4f85c4d199295951c7
9964e4f747ff46ad81af2511c00bd5fd,Blues,tempo change,0.25 (161 to 201),Generate a Blues song at 161 BPM that increases to 201.,Blues_tempo-change_0.25-(161-to-201)_9964e4f747ff46ad81af2511c00bd5fd
5a40abaa087e4d86826346e47153d880,Blues,tempo change,-0.25 (84 to 63),Generate a Blues song at 84 BPM that decreases to 63.,Blues_tempo-change_-0.25-(84-to-63)_5a40abaa087e4d86826346e47153d880
915e929bac634bb1af80659c94bb5c57,Blues,tempo change,-0.25 (107 to 80),Generate a Blues song at 107 BPM that decreases to 80.,Blues_tempo-change_-0.25-(107-to-80)_915e929bac634bb1af80659c94bb5c57
fefdaf4a5d6540cbb03a70f1b1e6998a,Blues,tempo change,-0.25 (155 to 116),Generate a Blues song at 155 BPM that decreases to 116.,Blues_tempo-change_-0.25-(155-to-116)_fefdaf4a5d6540cbb03a70f1b1e6998a
123c18c954cf4ec4b99f806e54534378,Blues,tempo change,0.5 (61 to 91),Generate a Blues song at 61 BPM that increases to 91.,Blues_tempo-change_0.5-(61-to-91)_123c18c954cf4ec4b99f806e54534378
7f23412ef6b443c5bceb6aa1985200af,Blues,tempo change,0.5 (116 to 174),Generate a Blues song at 116 BPM that increases to 174.,Blues_tempo-change_0.5-(116-to-174)_7f23412ef6b443c5bceb6aa1985200af
126833f600d042b080ee4f200deb8268,Blues,tempo change,0.5 (158 to 237),Generate a Blues song at 158 BPM that increases to 237.,Blues_tempo-change_0.5-(158-to-237)_126833f600d042b080ee4f200deb8268
3a19e8be0c144227b7e0e3e60ba5ec05,Blues,tempo change,-0.5 (64 to 32),Generate a Blues song at 64 BPM that decreases to 32.,Blues_tempo-change_-0.5-(64-to-32)_3a19e8be0c144227b7e0e3e60ba5ec05
d711a71e325f4108bba7d46c42b5b633,Blues,tempo change,-0.5 (122 to 61),Generate a Blues song at 122 BPM that decreases to 61.,Blues_tempo-change_-0.5-(122-to-61)_d711a71e325f4108bba7d46c42b5b633
b249d9bb62c64354b8b7b4859d6e3a41,Blues,tempo change,-0.5 (156 to 78),Generate a Blues song at 156 BPM that decreases to 78.,Blues_tempo-change_-0.5-(156-to-78)_b249d9bb62c64354b8b7b4859d6e3a41
5c2df06c7b194716afe003e6d4e5c1aa,Blues,time signature,04-Apr,Generate a Blues song with a 4/4 time signature at 70 BPM.,Blues_time-signature_4/4_5c2df06c7b194716afe003e6d4e5c1aa
f4d565b791af4133a6b4c26e71ef40b5,Blues,time signature,04-Apr,Generate a Blues song with a 4/4 time signature at 126 BPM.,Blues_time-signature_4/4_f4d565b791af4133a6b4c26e71ef40b5
393b0ca062014cd2bfbd696c00f4cc9d,Blues,time signature,04-Apr,Generate a Blues song with a 4/4 time signature at 162 BPM.,Blues_time-signature_4/4_393b0ca062014cd2bfbd696c00f4cc9d
146ca89f57544940af23620010bc59e7,Blues,time signature,03-Apr,Generate a Blues song with a 3/4 time signature at 63 BPM.,Blues_time-signature_3/4_146ca89f57544940af23620010bc59e7
21a8183b040a4c948c8617b042059e62,Blues,time signature,03-Apr,Generate a Blues song with a 3/4 time signature at 107 BPM.,Blues_time-signature_3/4_21a8183b040a4c948c8617b042059e62
55d04b6cf3034174947ed51aea1316e4,Blues,time signature,03-Apr,Generate a Blues song with a 3/4 time signature at 145 BPM.,Blues_time-signature_3/4_55d04b6cf3034174947ed51aea1316e4
f5d71980cfe24154a635776de20e1478,Blues,time signature,05-Apr,Generate a Blues song with a 5/4 time signature at 75 BPM.,Blues_time-signature_5/4_f5d71980cfe24154a635776de20e1478
25c3603162a341eeb06b107a68245324,Blues,time signature,05-Apr,Generate a Blues song with a 5/4 time signature at 101 BPM.,Blues_time-signature_5/4_25c3603162a341eeb06b107a68245324
bf72d3392809485b8152715ec5f9c86c,Blues,time signature,05-Apr,Generate a Blues song with a 5/4 time signature at 159 BPM.,Blues_time-signature_5/4_bf72d3392809485b8152715ec5f9c86c
